"screenshot_id","flow_id","screen_family","implementation_phase","state_family","matter_route","expected_text","verification_tier","next_gate"
"0","marketing-entry","Marketing landing","P2 auth and onboarding flow","public marketing hero","/?locale=en&view=auth&authStep=signup","Chart your legal path","state_route_defined","Run registry verification, then add screenshot-specific pixel comparison for this state."
"1","signup-start","Signup modal over app preview","P2 auth and onboarding flow","signup modal/form","/?locale=en&view=auth&authStep=signupModal","Get started free","state_route_defined","Run registry verification, then add screenshot-specific pixel comparison for this state."
"2","signup-start","Signup modal over app preview","P2 auth and onboarding flow","signup modal/form","/?locale=en&view=auth&authStep=signupModal","Get started free","state_route_defined","Run registry verification, then add screenshot-specific pixel comparison for this state."
"3","signup-start","Signup modal over app preview","P2 auth and onboarding flow","signup modal/form","/?locale=en&view=auth&authStep=signupModal","Get started free","state_route_defined","Run registry verification, then add screenshot-specific pixel comparison for this state."
"4","email-verification","Email verification","P2 auth and onboarding flow","email verification","/?locale=ko&view=auth&authStep=verify","이메일을 확인하세요","state_route_defined","Run registry verification, then add screenshot-specific pixel comparison for this state."
"5","password-setup","Password setup","P2 auth and onboarding flow","password setup","/?locale=en&view=auth&authStep=password","Set your password","state_route_defined","Run registry verification, then add screenshot-specific pixel comparison for this state."
"6","password-setup","Password setup","P2 auth and onboarding flow","password setup","/?locale=en&view=auth&authStep=password","Set your password","state_route_defined","Run registry verification, then add screenshot-specific pixel comparison for this state."
"7","password-setup","Password setup","P2 auth and onboarding flow","password setup","/?locale=en&view=auth&authStep=password","Set your password","state_route_defined","Run registry verification, then add screenshot-specific pixel comparison for this state."
"8","organization-create","Organization creation","P2 auth and onboarding flow","organization setup","/?locale=ko&view=auth&authStep=org","조직 생성","state_route_defined","Run registry verification, then add screenshot-specific pixel comparison for this state."
"9","organization-create","Organization creation","P2 auth and onboarding flow","organization setup","/?locale=ko&view=auth&authStep=org","조직 생성","state_route_defined","Run registry verification, then add screenshot-specific pixel comparison for this state."
"10","organization-create","Organization creation","P2 auth and onboarding flow","organization setup","/?locale=ko&view=auth&authStep=org","조직 생성","state_route_defined","Run registry verification, then add screenshot-specific pixel comparison for this state."
"11","loading","Loading interstitial","P1 app shell / navigation / search","loading interstitial","/?locale=ko&view=loading","matter 작업공간을 불러오는 중","state_route_defined","Run registry verification, then add screenshot-specific pixel comparison for this state."
"12","onboarding-source-selection","Onboarding checklist","P2 auth and onboarding flow","onboarding connector checklist","/?locale=en&view=auth&authStep=onboarding","Set up matter","state_route_defined","Run registry verification, then add screenshot-specific pixel comparison for this state."
"13","onboarding-source-selection","Onboarding checklist","P2 auth and onboarding flow","onboarding connector checklist","/?locale=en&view=auth&authStep=onboarding","Set up matter","state_route_defined","Run registry verification, then add screenshot-specific pixel comparison for this state."
"14","home-dashboard","Home dashboard","P3 home dashboards and templates","home dashboard","/?locale=ko&view=home","Matter Analytics","state_route_defined","Run registry verification, then add screenshot-specific pixel comparison for this state."
"15","home-dashboard","Home dashboard","P3 home dashboards and templates","home dashboard","/?locale=ko&view=home","Matter Analytics","state_route_defined","Run registry verification, then add screenshot-specific pixel comparison for this state."
"16","home-guidance","Guidance overlays","P3 home dashboards and templates","new navigation tour modal","/?locale=en&view=home&modal=newNavigationTour","Experience the new Amplitude","state_route_defined","Run registry verification, then add screenshot-specific pixel comparison for this state."
"17","home-guidance","Guidance overlays","P3 home dashboards and templates","home guidance modal/popover family","/?locale=en&view=home&variant=tour","What's New","state_route_defined","Run registry verification, then add screenshot-specific pixel comparison for this state."
"18","home-guidance","Guidance overlays","P3 home dashboards and templates","home guidance modal/popover family","/?locale=en&view=home&variant=tour","What's New","state_route_defined","Run registry verification, then add screenshot-specific pixel comparison for this state."
"19","home-guidance","Guidance overlays","P3 home dashboards and templates","home guidance modal/popover family","/?locale=en&view=home&variant=tour","What's New","state_route_defined","Run registry verification, then add screenshot-specific pixel comparison for this state."
"20","home-widgets","Dashboard widgets","P3 home dashboards and templates","home widget grid","/?locale=ko&view=home","실시간 게이지","state_route_defined","Run registry verification, then add screenshot-specific pixel comparison for this state."
"21","home-widgets","Dashboard widgets","P3 home dashboards and templates","home widget grid","/?locale=ko&view=home","실시간 게이지","state_route_defined","Run registry verification, then add screenshot-specific pixel comparison for this state."
"22","home-widgets","Dashboard widgets","P3 home dashboards and templates","home widget grid","/?locale=ko&view=home","실시간 게이지","state_route_defined","Run registry verification, then add screenshot-specific pixel comparison for this state."
"23","home-widgets","Dashboard widgets","P3 home dashboards and templates","home widget grid","/?locale=ko&view=home","실시간 게이지","state_route_defined","Run registry verification, then add screenshot-specific pixel comparison for this state."
"24","home-widgets","Dashboard widgets","P3 home dashboards and templates","home widget grid","/?locale=ko&view=home","실시간 게이지","state_route_defined","Run registry verification, then add screenshot-specific pixel comparison for this state."
"25","home-actions","Home menus and resources","P3 home dashboards and templates","home menus/search/resource actions","/?locale=ko&view=home&query=atlas","Search ""atlas""","state_route_defined","Run registry verification, then add screenshot-specific pixel comparison for this state."
"26","home-actions","Home menus and resources","P3 home dashboards and templates","home annotation modal","/?locale=en&view=home&modal=annotation","New Annotation","state_route_defined","Run registry verification, then add screenshot-specific pixel comparison for this state."
"27","home-actions","Home menus and resources","P3 home dashboards and templates","home annotation modal","/?locale=en&view=home&modal=annotation","New Annotation","state_route_defined","Run registry verification, then add screenshot-specific pixel comparison for this state."
"28","home-actions","Home menus and resources","P3 home dashboards and templates","home menus/search/resource actions","/?locale=ko&view=home&query=atlas","Search ""atlas""","state_route_defined","Run registry verification, then add screenshot-specific pixel comparison for this state."
"29","home-actions","Home menus and resources","P3 home dashboards and templates","home menus/search/resource actions","/?locale=ko&view=home&query=atlas","Search ""atlas""","state_route_defined","Run registry verification, then add screenshot-specific pixel comparison for this state."
"30","home-actions","Home menus and resources","P3 home dashboards and templates","home menus/search/resource actions","/?locale=ko&view=home&query=atlas","Search ""atlas""","state_route_defined","Run registry verification, then add screenshot-specific pixel comparison for this state."
"31","home-actions","Home menus and resources","P3 home dashboards and templates","home menus/search/resource actions","/?locale=ko&view=home&query=atlas","Search ""atlas""","state_route_defined","Run registry verification, then add screenshot-specific pixel comparison for this state."
"32","home-actions","Home menus and resources","P3 home dashboards and templates","home menus/search/resource actions","/?locale=ko&view=home&query=atlas","Search ""atlas""","state_route_defined","Run registry verification, then add screenshot-specific pixel comparison for this state."
"33","home-actions","Home menus and resources","P3 home dashboards and templates","home menus/search/resource actions","/?locale=ko&view=home&query=atlas","Search ""atlas""","state_route_defined","Run registry verification, then add screenshot-specific pixel comparison for this state."
"34","home-actions","Home menus and resources","P3 home dashboards and templates","home menus/search/resource actions","/?locale=ko&view=home&query=atlas","Search ""atlas""","state_route_defined","Run registry verification, then add screenshot-specific pixel comparison for this state."
"35","home-actions","Home menus and resources","P3 home dashboards and templates","home menus/search/resource actions","/?locale=ko&view=home&query=atlas","Search ""atlas""","state_route_defined","Run registry verification, then add screenshot-specific pixel comparison for this state."
"36","home-actions","Home menus and resources","P3 home dashboards and templates","home menus/search/resource actions","/?locale=ko&view=home&query=atlas","Search ""atlas""","state_route_defined","Run registry verification, then add screenshot-specific pixel comparison for this state."
"37","home-actions","Home menus and resources","P3 home dashboards and templates","home menus/search/resource actions","/?locale=ko&view=home&query=atlas","Search ""atlas""","state_route_defined","Run registry verification, then add screenshot-specific pixel comparison for this state."
"38","ask-entry","Ask Amplitude prompt gallery","P8 Ask matter, cohorts, replay, experiments, flags","Ask prompt gallery","/?locale=ko&view=ask","matter에게 질문","state_route_defined","Run registry verification, then add screenshot-specific pixel comparison for this state."
"39","ask-entry","Ask Amplitude prompt gallery","P8 Ask matter, cohorts, replay, experiments, flags","Ask prompt gallery","/?locale=ko&view=ask","matter에게 질문","state_route_defined","Run registry verification, then add screenshot-specific pixel comparison for this state."
"40","ask-entry","Ask Amplitude prompt gallery","P8 Ask matter, cohorts, replay, experiments, flags","Ask prompt gallery","/?locale=ko&view=ask","matter에게 질문","state_route_defined","Run registry verification, then add screenshot-specific pixel comparison for this state."
"41","segmentation-basic","Segmentation builder","P6 matter analytics builder","segmentation builder","/?locale=en&view=analytics","Untitled Chart","state_route_defined","Run registry verification, then add screenshot-specific pixel comparison for this state."
"42","segmentation-basic","Segmentation builder","P6 matter analytics builder","segmentation builder","/?locale=en&view=analytics","Untitled Chart","state_route_defined","Run registry verification, then add screenshot-specific pixel comparison for this state."
"43","segmentation-basic","Segmentation builder","P6 matter analytics builder","segmentation builder","/?locale=en&view=analytics","Untitled Chart","state_route_defined","Run registry verification, then add screenshot-specific pixel comparison for this state."
"44","segmentation-basic","Segmentation builder","P6 matter analytics builder","segmentation builder","/?locale=en&view=analytics","Untitled Chart","state_route_defined","Run registry verification, then add screenshot-specific pixel comparison for this state."
"45","save-chart-modal","Save chart modal","P6 matter analytics builder","save chart modal","/?locale=en&view=analytics&modal=save","Save Chart","state_route_defined","Run registry verification, then add screenshot-specific pixel comparison for this state."
"46","segmentation-advanced","Segmentation advanced states","P6 matter analytics builder","advanced builder states","/?locale=en&view=analytics","Recommendations","state_route_defined","Run registry verification, then add screenshot-specific pixel comparison for this state."
"47","segmentation-advanced","Segmentation advanced states","P6 matter analytics builder","advanced builder states","/?locale=en&view=analytics","Recommendations","state_route_defined","Run registry verification, then add screenshot-specific pixel comparison for this state."
"48","segmentation-advanced","Segmentation advanced states","P6 matter analytics builder","advanced builder states","/?locale=en&view=analytics","Recommendations","state_route_defined","Run registry verification, then add screenshot-specific pixel comparison for this state."
"49","segmentation-advanced","Segmentation advanced states","P6 matter analytics builder","advanced builder states","/?locale=en&view=analytics","Recommendations","state_route_defined","Run registry verification, then add screenshot-specific pixel comparison for this state."
"50","segmentation-advanced","Segmentation advanced states","P6 matter analytics builder","advanced builder states","/?locale=en&view=analytics","Recommendations","state_route_defined","Run registry verification, then add screenshot-specific pixel comparison for this state."
"51","segmentation-advanced","Segmentation advanced states","P6 matter analytics builder","advanced builder states","/?locale=en&view=analytics","Recommendations","state_route_defined","Run registry verification, then add screenshot-specific pixel comparison for this state."
"52","segmentation-advanced","Segmentation advanced states","P6 matter analytics builder","advanced builder states","/?locale=en&view=analytics","Recommendations","state_route_defined","Run registry verification, then add screenshot-specific pixel comparison for this state."
"53","segmentation-advanced","Segmentation advanced states","P6 matter analytics builder","advanced builder states","/?locale=en&view=analytics","Recommendations","state_route_defined","Run registry verification, then add screenshot-specific pixel comparison for this state."
"54","segmentation-advanced","Segmentation advanced states","P6 matter analytics builder","advanced builder states","/?locale=en&view=analytics","Recommendations","state_route_defined","Run registry verification, then add screenshot-specific pixel comparison for this state."
"55","segmentation-advanced","Segmentation advanced states","P6 matter analytics builder","advanced builder states","/?locale=en&view=analytics","Recommendations","state_route_defined","Run registry verification, then add screenshot-specific pixel comparison for this state."
"56","segmentation-advanced","Segmentation advanced states","P6 matter analytics builder","advanced builder states","/?locale=en&view=analytics","Recommendations","state_route_defined","Run registry verification, then add screenshot-specific pixel comparison for this state."
"57","segmentation-advanced","Segmentation advanced states","P6 matter analytics builder","advanced builder states","/?locale=en&view=analytics","Recommendations","state_route_defined","Run registry verification, then add screenshot-specific pixel comparison for this state."
"58","segmentation-advanced","Segmentation advanced states","P6 matter analytics builder","advanced builder states","/?locale=en&view=analytics","Recommendations","state_route_defined","Run registry verification, then add screenshot-specific pixel comparison for this state."
"59","segmentation-advanced","Segmentation advanced states","P6 matter analytics builder","advanced builder states","/?locale=en&view=analytics","Recommendations","state_route_defined","Run registry verification, then add screenshot-specific pixel comparison for this state."
"60","segmentation-advanced","Segmentation advanced states","P6 matter analytics builder","advanced builder states","/?locale=en&view=analytics","Recommendations","state_route_defined","Run registry verification, then add screenshot-specific pixel comparison for this state."
"61","segmentation-advanced","Segmentation advanced states","P6 matter analytics builder","advanced builder states","/?locale=en&view=analytics","Recommendations","state_route_defined","Run registry verification, then add screenshot-specific pixel comparison for this state."
"62","segmentation-advanced","Segmentation advanced states","P6 matter analytics builder","advanced builder states","/?locale=en&view=analytics","Recommendations","state_route_defined","Run registry verification, then add screenshot-specific pixel comparison for this state."
"63","segmentation-advanced","Segmentation advanced states","P6 matter analytics builder","advanced builder states","/?locale=en&view=analytics","Recommendations","state_route_defined","Run registry verification, then add screenshot-specific pixel comparison for this state."
"64","segmentation-advanced","Segmentation advanced states","P6 matter analytics builder","advanced builder states","/?locale=en&view=analytics","Recommendations","state_route_defined","Run registry verification, then add screenshot-specific pixel comparison for this state."
"65","segmentation-advanced","Segmentation advanced states","P6 matter analytics builder","advanced builder states","/?locale=en&view=analytics","Recommendations","state_route_defined","Run registry verification, then add screenshot-specific pixel comparison for this state."
"66","segmentation-advanced","Segmentation advanced states","P6 matter analytics builder","advanced builder states","/?locale=en&view=analytics","Recommendations","state_route_defined","Run registry verification, then add screenshot-specific pixel comparison for this state."
"67","segmentation-advanced","Segmentation advanced states","P6 matter analytics builder","advanced builder states","/?locale=en&view=analytics","Recommendations","state_route_defined","Run registry verification, then add screenshot-specific pixel comparison for this state."
"68","segmentation-advanced","Segmentation advanced states","P6 matter analytics builder","advanced builder states","/?locale=en&view=analytics","Recommendations","state_route_defined","Run registry verification, then add screenshot-specific pixel comparison for this state."
"69","segmentation-advanced","Segmentation advanced states","P6 matter analytics builder","advanced builder states","/?locale=en&view=analytics","Recommendations","state_route_defined","Run registry verification, then add screenshot-specific pixel comparison for this state."
"70","segmentation-advanced","Segmentation advanced states","P6 matter analytics builder","advanced builder states","/?locale=en&view=analytics","Recommendations","state_route_defined","Run registry verification, then add screenshot-specific pixel comparison for this state."
"71","segmentation-advanced","Segmentation advanced states","P6 matter analytics builder","advanced builder states","/?locale=en&view=analytics","Recommendations","state_route_defined","Run registry verification, then add screenshot-specific pixel comparison for this state."
"72","segmentation-advanced","Segmentation advanced states","P6 matter analytics builder","advanced builder states","/?locale=en&view=analytics","Recommendations","state_route_defined","Run registry verification, then add screenshot-specific pixel comparison for this state."
"73","segmentation-advanced","Segmentation advanced states","P6 matter analytics builder","advanced builder states","/?locale=en&view=analytics","Recommendations","state_route_defined","Run registry verification, then add screenshot-specific pixel comparison for this state."
"74","segmentation-advanced","Segmentation advanced states","P6 matter analytics builder","advanced builder states","/?locale=en&view=analytics","Recommendations","state_route_defined","Run registry verification, then add screenshot-specific pixel comparison for this state."
"75","segmentation-advanced","Segmentation advanced states","P6 matter analytics builder","advanced builder states","/?locale=en&view=analytics","Recommendations","state_route_defined","Run registry verification, then add screenshot-specific pixel comparison for this state."
"76","segmentation-advanced","Segmentation advanced states","P6 matter analytics builder","advanced builder states","/?locale=en&view=analytics","Recommendations","state_route_defined","Run registry verification, then add screenshot-specific pixel comparison for this state."
"77","segmentation-advanced","Segmentation advanced states","P6 matter analytics builder","advanced builder states","/?locale=en&view=analytics","Recommendations","state_route_defined","Run registry verification, then add screenshot-specific pixel comparison for this state."
"78","segmentation-advanced","Segmentation advanced states","P6 matter analytics builder","advanced builder states","/?locale=en&view=analytics","Recommendations","state_route_defined","Run registry verification, then add screenshot-specific pixel comparison for this state."
"79","segmentation-advanced","Segmentation advanced states","P6 matter analytics builder","advanced builder states","/?locale=en&view=analytics","Recommendations","state_route_defined","Run registry verification, then add screenshot-specific pixel comparison for this state."
"80","chart-type-modal","Chart type modal","P6 matter analytics builder","chart type modal","/?locale=en&view=analytics&modal=chartType","Choose chart type","state_route_defined","Run registry verification, then add screenshot-specific pixel comparison for this state."
"81","segmentation-output","Segmentation output and custom events","P6 matter analytics builder","segmentation output","/?locale=en&view=analytics","Result Table","state_route_defined","Run registry verification, then add screenshot-specific pixel comparison for this state."
"82","segmentation-output","Segmentation output and custom events","P6 matter analytics builder","segmentation output","/?locale=en&view=analytics","Result Table","state_route_defined","Run registry verification, then add screenshot-specific pixel comparison for this state."
"83","segmentation-output","Segmentation output and custom events","P6 matter analytics builder","segmentation output","/?locale=en&view=analytics","Result Table","state_route_defined","Run registry verification, then add screenshot-specific pixel comparison for this state."
"84","segmentation-output","Segmentation output and custom events","P6 matter analytics builder","segmentation output","/?locale=en&view=analytics","Result Table","state_route_defined","Run registry verification, then add screenshot-specific pixel comparison for this state."
"85","segmentation-output","Segmentation output and custom events","P6 matter analytics builder","segmentation output","/?locale=en&view=analytics","Result Table","state_route_defined","Run registry verification, then add screenshot-specific pixel comparison for this state."
"86","segmentation-output","Segmentation output and custom events","P6 matter analytics builder","segmentation output","/?locale=en&view=analytics","Result Table","state_route_defined","Run registry verification, then add screenshot-specific pixel comparison for this state."
"87","segmentation-output","Segmentation output and custom events","P6 matter analytics builder","segmentation output","/?locale=en&view=analytics","Result Table","state_route_defined","Run registry verification, then add screenshot-specific pixel comparison for this state."
"88","segmentation-output","Segmentation output and custom events","P6 matter analytics builder","segmentation output","/?locale=en&view=analytics","Result Table","state_route_defined","Run registry verification, then add screenshot-specific pixel comparison for this state."
"89","segmentation-output","Segmentation output and custom events","P6 matter analytics builder","segmentation output","/?locale=en&view=analytics","Result Table","state_route_defined","Run registry verification, then add screenshot-specific pixel comparison for this state."
"90","segmentation-output","Segmentation output and custom events","P6 matter analytics builder","segmentation output","/?locale=en&view=analytics","Result Table","state_route_defined","Run registry verification, then add screenshot-specific pixel comparison for this state."
"91","segmentation-output","Segmentation output and custom events","P6 matter analytics builder","segmentation output","/?locale=en&view=analytics","Result Table","state_route_defined","Run registry verification, then add screenshot-specific pixel comparison for this state."
"92","segmentation-output","Segmentation output and custom events","P6 matter analytics builder","segmentation output","/?locale=en&view=analytics","Result Table","state_route_defined","Run registry verification, then add screenshot-specific pixel comparison for this state."
"93","segmentation-output","Segmentation output and custom events","P6 matter analytics builder","segmentation output","/?locale=en&view=analytics","Result Table","state_route_defined","Run registry verification, then add screenshot-specific pixel comparison for this state."
"94","segmentation-output","Segmentation output and custom events","P6 matter analytics builder","segmentation output","/?locale=en&view=analytics","Result Table","state_route_defined","Run registry verification, then add screenshot-specific pixel comparison for this state."
"95","share-save-modals","Share and save modals","P6 matter analytics builder","share modal blank","/?locale=en&view=analytics&modal=share","Add people","state_route_defined","Run registry verification, then add screenshot-specific pixel comparison for this state."
"96","share-save-modals","Share and save modals","P6 matter analytics builder","share modal invite recipient","/?locale=en&view=analytics&modal=shareInvite","Alex Smith","state_route_defined","Run registry verification, then add screenshot-specific pixel comparison for this state."
"97","share-save-modals","Share and save modals","P6 matter analytics builder","share success toast","/?locale=en&view=analytics&variant=shareToast","Success. Shared","state_route_defined","Run registry verification, then add screenshot-specific pixel comparison for this state."
"98","share-save-modals","Share and save modals","P6 matter analytics builder","share modal history","/?locale=en&view=analytics&modal=shareHistory","Last Viewed","state_route_defined","Run registry verification, then add screenshot-specific pixel comparison for this state."
"99","share-save-modals","Share and save modals","P6 matter analytics builder","save chart selected-card modal","/?locale=en&view=analytics&modal=saveChartCard","Page Views by Unique Users","state_route_defined","Run registry verification, then add screenshot-specific pixel comparison for this state."
"100","share-save-modals","Share and save modals","P6 matter analytics builder","save chart suggested-name modal","/?locale=en&view=analytics&modal=saveChartSuggest","Suggest","state_route_defined","Run registry verification, then add screenshot-specific pixel comparison for this state."
"101","share-save-modals","Share and save modals","P6 matter analytics builder","save chart report dropdown","/?locale=en&view=analytics&modal=saveChartReportDropdown","Create a new dashboard","state_route_defined","Run registry verification, then add screenshot-specific pixel comparison for this state."
"102","share-save-modals","Share and save modals","P6 matter analytics builder","save chart selected-report modal","/?locale=en&view=analytics&modal=saveChartReportSelected","Untitled Dashboard - Dec 16","state_route_defined","Run registry verification, then add screenshot-specific pixel comparison for this state."
"103","chart-page-empty-table","Chart and data table entry","P6 matter analytics builder","chart/data-table entry and metric modal","/?locale=en&view=analytics&variant=dataTable","Start your data table","state_route_defined","Run registry verification, then add screenshot-specific pixel comparison for this state."
"104","chart-page-empty-table","Chart and data table entry","P6 matter analytics builder","chart/data-table entry and metric modal","/?locale=en&view=analytics&variant=dataTable","Start your data table","state_route_defined","Run registry verification, then add screenshot-specific pixel comparison for this state."
"105","funnel-analysis","Funnel analysis","P6 matter analytics builder","funnel analysis family","/?locale=en&view=analytics","Funnel","state_route_defined","Run registry verification, then add screenshot-specific pixel comparison for this state."
"106","funnel-analysis","Funnel analysis","P6 matter analytics builder","funnel analysis family","/?locale=en&view=analytics","Funnel","state_route_defined","Run registry verification, then add screenshot-specific pixel comparison for this state."
"107","funnel-analysis","Funnel analysis","P6 matter analytics builder","funnel analysis family","/?locale=en&view=analytics","Funnel","state_route_defined","Run registry verification, then add screenshot-specific pixel comparison for this state."
"108","funnel-analysis","Funnel analysis","P6 matter analytics builder","funnel analysis family","/?locale=en&view=analytics","Funnel","state_route_defined","Run registry verification, then add screenshot-specific pixel comparison for this state."
"109","funnel-analysis","Funnel analysis","P6 matter analytics builder","funnel analysis family","/?locale=en&view=analytics","Funnel","state_route_defined","Run registry verification, then add screenshot-specific pixel comparison for this state."
"110","funnel-analysis","Funnel analysis","P6 matter analytics builder","funnel analysis family","/?locale=en&view=analytics","Funnel","state_route_defined","Run registry verification, then add screenshot-specific pixel comparison for this state."
"111","funnel-analysis","Funnel analysis","P6 matter analytics builder","funnel analysis family","/?locale=en&view=analytics","Funnel","state_route_defined","Run registry verification, then add screenshot-specific pixel comparison for this state."
"112","data-table-and-metric","Data table and metric setup","P6 matter analytics builder","data table and metric setup","/?locale=en&view=analytics&variant=dataTablePicker","Select or Define a Metric","state_route_defined","Run registry verification, then add screenshot-specific pixel comparison for this state."
"113","data-table-and-metric","Data table and metric setup","P6 matter analytics builder","data table and metric setup","/?locale=en&view=analytics&variant=dataTablePicker","Select or Define a Metric","state_route_defined","Run registry verification, then add screenshot-specific pixel comparison for this state."
"114","data-table-and-metric","Data table and metric setup","P6 matter analytics builder","data table and metric setup","/?locale=en&view=analytics&variant=dataTablePicker","Select or Define a Metric","state_route_defined","Run registry verification, then add screenshot-specific pixel comparison for this state."
"115","data-table-and-metric","Data table and metric setup","P6 matter analytics builder","metric definition modal empty","/?locale=en&view=analytics&variant=dataTable&modal=metricUntitled","Untitled metric","state_route_defined","Run registry verification, then add screenshot-specific pixel comparison for this state."
"116","data-table-and-metric","Data table and metric setup","P6 matter analytics builder","metric definition modal named","/?locale=en&view=analytics&variant=dataTable&modal=metricNamed","Sign ups per day","state_route_defined","Run registry verification, then add screenshot-specific pixel comparison for this state."
"117","data-table-and-metric","Data table and metric setup","P6 matter analytics builder","metric event picker modal","/?locale=en&view=analytics&variant=dataTable&modal=metricPicker","Any Active Event","state_route_defined","Run registry verification, then add screenshot-specific pixel comparison for this state."
"118","data-table-and-metric","Data table and metric setup","P6 matter analytics builder","metric preview modal","/?locale=en&view=analytics&variant=dataTable&modal=metricPreview","Current Uniques","state_route_defined","Run registry verification, then add screenshot-specific pixel comparison for this state."
"119","data-table-and-metric","Data table and metric setup","P6 matter analytics builder","data table and metric setup","/?locale=en&view=analytics&variant=dataTablePicker","Select or Define a Metric","state_route_defined","Run registry verification, then add screenshot-specific pixel comparison for this state."
"120","data-table-heatmap","Data table heatmap","P6 matter analytics builder","data table heatmap family","/?locale=en&view=analytics","Recommendations","state_route_defined","Run registry verification, then add screenshot-specific pixel comparison for this state."
"121","data-table-heatmap","Data table heatmap","P6 matter analytics builder","data table heatmap family","/?locale=en&view=analytics","Recommendations","state_route_defined","Run registry verification, then add screenshot-specific pixel comparison for this state."
"122","data-table-heatmap","Data table heatmap","P6 matter analytics builder","data table heatmap family","/?locale=en&view=analytics","Recommendations","state_route_defined","Run registry verification, then add screenshot-specific pixel comparison for this state."
"123","data-table-heatmap","Data table heatmap","P6 matter analytics builder","data table heatmap family","/?locale=en&view=analytics","Recommendations","state_route_defined","Run registry verification, then add screenshot-specific pixel comparison for this state."
"124","data-table-heatmap","Data table heatmap","P6 matter analytics builder","data table heatmap family","/?locale=en&view=analytics","Recommendations","state_route_defined","Run registry verification, then add screenshot-specific pixel comparison for this state."
"125","data-table-heatmap","Data table heatmap","P6 matter analytics builder","data table heatmap family","/?locale=en&view=analytics","Recommendations","state_route_defined","Run registry verification, then add screenshot-specific pixel comparison for this state."
"126","data-table-heatmap","Data table heatmap","P6 matter analytics builder","data table heatmap family","/?locale=en&view=analytics","Recommendations","state_route_defined","Run registry verification, then add screenshot-specific pixel comparison for this state."
"127","data-table-heatmap","Data table heatmap","P6 matter analytics builder","data table heatmap family","/?locale=en&view=analytics","Recommendations","state_route_defined","Run registry verification, then add screenshot-specific pixel comparison for this state."
"128","data-table-heatmap","Data table heatmap","P6 matter analytics builder","data table heatmap family","/?locale=en&view=analytics","Recommendations","state_route_defined","Run registry verification, then add screenshot-specific pixel comparison for this state."
"129","data-table-heatmap","Data table heatmap","P6 matter analytics builder","data table heatmap family","/?locale=en&view=analytics","Recommendations","state_route_defined","Run registry verification, then add screenshot-specific pixel comparison for this state."
"130","data-table-heatmap","Data table heatmap","P6 matter analytics builder","data table heatmap family","/?locale=en&view=analytics","Recommendations","state_route_defined","Run registry verification, then add screenshot-specific pixel comparison for this state."
"131","data-table-heatmap","Data table heatmap","P6 matter analytics builder","data table heatmap family","/?locale=en&view=analytics","Recommendations","state_route_defined","Run registry verification, then add screenshot-specific pixel comparison for this state."
"132","data-table-heatmap","Data table heatmap","P6 matter analytics builder","data table heatmap family","/?locale=en&view=analytics","Recommendations","state_route_defined","Run registry verification, then add screenshot-specific pixel comparison for this state."
"133","data-table-heatmap","Data table heatmap","P6 matter analytics builder","data table heatmap family","/?locale=en&view=analytics","Recommendations","state_route_defined","Run registry verification, then add screenshot-specific pixel comparison for this state."
"134","data-table-heatmap","Data table heatmap","P6 matter analytics builder","data table heatmap family","/?locale=en&view=analytics","Recommendations","state_route_defined","Run registry verification, then add screenshot-specific pixel comparison for this state."
"135","data-table-heatmap","Data table heatmap","P6 matter analytics builder","data table heatmap family","/?locale=en&view=analytics","Recommendations","state_route_defined","Run registry verification, then add screenshot-specific pixel comparison for this state."
"136","data-table-heatmap","Data table heatmap","P6 matter analytics builder","data table heatmap family","/?locale=en&view=analytics","Recommendations","state_route_defined","Run registry verification, then add screenshot-specific pixel comparison for this state."
"137","retention-and-journeys","Retention and journey builder","P6 matter analytics builder","retention and journey builder","/?locale=en&view=analytics","Journeys","state_route_defined","Run registry verification, then add screenshot-specific pixel comparison for this state."
"138","retention-and-journeys","Retention and journey builder","P6 matter analytics builder","retention and journey builder","/?locale=en&view=analytics","Journeys","state_route_defined","Run registry verification, then add screenshot-specific pixel comparison for this state."
"139","retention-and-journeys","Retention and journey builder","P6 matter analytics builder","retention and journey builder","/?locale=en&view=analytics","Journeys","state_route_defined","Run registry verification, then add screenshot-specific pixel comparison for this state."
"140","retention-and-journeys","Retention and journey builder","P6 matter analytics builder","retention and journey builder","/?locale=en&view=analytics","Journeys","state_route_defined","Run registry verification, then add screenshot-specific pixel comparison for this state."
"141","retention-and-journeys","Retention and journey builder","P6 matter analytics builder","retention and journey builder","/?locale=en&view=analytics","Journeys","state_route_defined","Run registry verification, then add screenshot-specific pixel comparison for this state."
"142","retention-and-journeys","Retention and journey builder","P6 matter analytics builder","retention and journey builder","/?locale=en&view=analytics","Journeys","state_route_defined","Run registry verification, then add screenshot-specific pixel comparison for this state."
"143","retention-and-journeys","Retention and journey builder","P6 matter analytics builder","retention and journey builder","/?locale=en&view=analytics","Journeys","state_route_defined","Run registry verification, then add screenshot-specific pixel comparison for this state."
"144","retention-and-journeys","Retention and journey builder","P6 matter analytics builder","retention and journey builder","/?locale=en&view=analytics","Journeys","state_route_defined","Run registry verification, then add screenshot-specific pixel comparison for this state."
"145","retention-and-journeys","Retention and journey builder","P6 matter analytics builder","retention and journey builder","/?locale=en&view=analytics","Journeys","state_route_defined","Run registry verification, then add screenshot-specific pixel comparison for this state."
"146","retention-and-journeys","Retention and journey builder","P6 matter analytics builder","retention and journey builder","/?locale=en&view=analytics","Journeys","state_route_defined","Run registry verification, then add screenshot-specific pixel comparison for this state."
"147","retention-and-journeys","Retention and journey builder","P6 matter analytics builder","retention and journey builder","/?locale=en&view=analytics","Journeys","state_route_defined","Run registry verification, then add screenshot-specific pixel comparison for this state."
"148","dashboard-create","Dashboard builder","P7 dashboards, notebooks, reports","dashboard builder","/?locale=ko&view=dashboards","대시보드","state_route_defined","Run registry verification, then add screenshot-specific pixel comparison for this state."
"149","dashboard-create","Dashboard builder","P7 dashboards, notebooks, reports","dashboard builder","/?locale=ko&view=dashboards","대시보드","state_route_defined","Run registry verification, then add screenshot-specific pixel comparison for this state."
"150","dashboard-create","Dashboard builder","P7 dashboards, notebooks, reports","dashboard builder","/?locale=ko&view=dashboards","대시보드","state_route_defined","Run registry verification, then add screenshot-specific pixel comparison for this state."
"151","dashboard-create","Dashboard builder","P7 dashboards, notebooks, reports","dashboard builder","/?locale=ko&view=dashboards","대시보드","state_route_defined","Run registry verification, then add screenshot-specific pixel comparison for this state."
"152","dashboard-create","Dashboard builder","P7 dashboards, notebooks, reports","dashboard builder","/?locale=ko&view=dashboards","대시보드","state_route_defined","Run registry verification, then add screenshot-specific pixel comparison for this state."
"153","dashboard-create","Dashboard builder","P7 dashboards, notebooks, reports","dashboard builder","/?locale=ko&view=dashboards","대시보드","state_route_defined","Run registry verification, then add screenshot-specific pixel comparison for this state."
"154","dashboard-create","Dashboard builder","P7 dashboards, notebooks, reports","dashboard builder","/?locale=ko&view=dashboards","대시보드","state_route_defined","Run registry verification, then add screenshot-specific pixel comparison for this state."
"155","dashboard-create","Dashboard builder","P7 dashboards, notebooks, reports","dashboard builder","/?locale=ko&view=dashboards","대시보드","state_route_defined","Run registry verification, then add screenshot-specific pixel comparison for this state."
"156","dashboard-chart-report","Dashboard chart/report states","P7 dashboards, notebooks, reports","dashboard chart/report states","/?locale=ko&view=dashboards","Dashboard","state_route_defined","Run registry verification, then add screenshot-specific pixel comparison for this state."
"157","dashboard-chart-report","Dashboard chart/report states","P7 dashboards, notebooks, reports","dashboard AI chart modal","/?locale=en&view=dashboards&modal=generateChart","Generate Chart with AI","state_route_defined","Run registry verification, then add screenshot-specific pixel comparison for this state."
"158","dashboard-chart-report","Dashboard chart/report states","P7 dashboards, notebooks, reports","dashboard AI chart modal","/?locale=en&view=dashboards&modal=generateChart","Generate Chart with AI","state_route_defined","Run registry verification, then add screenshot-specific pixel comparison for this state."
"159","dashboard-chart-report","Dashboard chart/report states","P7 dashboards, notebooks, reports","dashboard chart/report states","/?locale=ko&view=dashboards","Dashboard","state_route_defined","Run registry verification, then add screenshot-specific pixel comparison for this state."
"160","dashboard-chart-report","Dashboard chart/report states","P7 dashboards, notebooks, reports","dashboard report subscription modal","/?locale=en&view=dashboards&modal=dashboardSubscribe","Subscribe to Dashboard Reports","state_route_defined","Run registry verification, then add screenshot-specific pixel comparison for this state."
"161","dashboard-chart-report","Dashboard chart/report states","P7 dashboards, notebooks, reports","dashboard report subscription success modal","/?locale=en&view=dashboards&modal=dashboardSubscribeSuccess","Your schedules have been updated successfully","state_route_defined","Run registry verification, then add screenshot-specific pixel comparison for this state."
"162","dashboard-templates","Dashboard templates and funnel dashboard","P7 dashboards, notebooks, reports","dashboard template states","/?locale=en&view=dashboards&variant=template","Template Preview","state_route_defined","Run registry verification, then add screenshot-specific pixel comparison for this state."
"163","dashboard-templates","Dashboard templates and funnel dashboard","P7 dashboards, notebooks, reports","dashboard template states","/?locale=en&view=dashboards&variant=template","Template Preview","state_route_defined","Run registry verification, then add screenshot-specific pixel comparison for this state."
"164","dashboard-templates","Dashboard templates and funnel dashboard","P7 dashboards, notebooks, reports","dashboard template states","/?locale=en&view=dashboards&variant=template","Template Preview","state_route_defined","Run registry verification, then add screenshot-specific pixel comparison for this state."
"165","dashboard-templates","Dashboard templates and funnel dashboard","P7 dashboards, notebooks, reports","dashboard template states","/?locale=en&view=dashboards&variant=template","Template Preview","state_route_defined","Run registry verification, then add screenshot-specific pixel comparison for this state."
"166","dashboard-templates","Dashboard templates and funnel dashboard","P7 dashboards, notebooks, reports","dashboard create modal","/?locale=en&view=dashboards&variant=template&modal=createDashboard","Create New Dashboard","state_route_defined","Run registry verification, then add screenshot-specific pixel comparison for this state."
"167","dashboard-templates","Dashboard templates and funnel dashboard","P7 dashboards, notebooks, reports","dashboard template states","/?locale=en&view=dashboards&variant=template","Template Preview","state_route_defined","Run registry verification, then add screenshot-specific pixel comparison for this state."
"168","notebooks","Notebook/report surface","P7 dashboards, notebooks, reports","notebook/report surface","/?locale=ko&view=dashboards","Notebooks","state_route_defined","Run registry verification, then add screenshot-specific pixel comparison for this state."
"169","notebooks","Notebook/report surface","P7 dashboards, notebooks, reports","notebook/report surface","/?locale=ko&view=dashboards","Notebooks","state_route_defined","Run registry verification, then add screenshot-specific pixel comparison for this state."
"170","notebooks","Notebook/report surface","P7 dashboards, notebooks, reports","notebook/report surface","/?locale=ko&view=dashboards","Notebooks","state_route_defined","Run registry verification, then add screenshot-specific pixel comparison for this state."
"171","notebooks","Notebook/report surface","P7 dashboards, notebooks, reports","notebook/report surface","/?locale=ko&view=dashboards","Notebooks","state_route_defined","Run registry verification, then add screenshot-specific pixel comparison for this state."
"172","notebooks","Notebook/report surface","P7 dashboards, notebooks, reports","notebook/report surface","/?locale=ko&view=dashboards","Notebooks","state_route_defined","Run registry verification, then add screenshot-specific pixel comparison for this state."
"173","notebooks","Notebook/report surface","P7 dashboards, notebooks, reports","notebook/report surface","/?locale=ko&view=dashboards","Notebooks","state_route_defined","Run registry verification, then add screenshot-specific pixel comparison for this state."
"174","notebooks","Notebook/report surface","P7 dashboards, notebooks, reports","notebook/report surface","/?locale=ko&view=dashboards","Notebooks","state_route_defined","Run registry verification, then add screenshot-specific pixel comparison for this state."
"175","notebooks","Notebook/report surface","P7 dashboards, notebooks, reports","notebook/report surface","/?locale=ko&view=dashboards","Notebooks","state_route_defined","Run registry verification, then add screenshot-specific pixel comparison for this state."
"176","all-content-initial","All content list","P4 spaces, all content, search, resource surfaces","all content list","/?locale=ko&view=content","전체 콘텐츠","state_route_defined","Run registry verification, then add screenshot-specific pixel comparison for this state."
"177","all-content-initial","All content list","P4 spaces, all content, search, resource surfaces","all content list","/?locale=ko&view=content","전체 콘텐츠","state_route_defined","Run registry verification, then add screenshot-specific pixel comparison for this state."
"178","all-content-initial","All content list","P4 spaces, all content, search, resource surfaces","all content list","/?locale=ko&view=content","전체 콘텐츠","state_route_defined","Run registry verification, then add screenshot-specific pixel comparison for this state."
"179","live-events","Live events","P5 matter profiles, event stream, raw evidence","live events","/?locale=ko&view=profiles","이벤트 스트림","state_route_defined","Run registry verification, then add screenshot-specific pixel comparison for this state."
"180","analysis-card-guidance","Guidance cards","P8 Ask matter, cohorts, replay, experiments, flags","analysis card guidance","/?locale=ko&view=ask","Guidance","state_route_defined","Run registry verification, then add screenshot-specific pixel comparison for this state."
"181","analysis-card-guidance","Guidance cards","P8 Ask matter, cohorts, replay, experiments, flags","analysis card guidance","/?locale=ko&view=ask","Guidance","state_route_defined","Run registry verification, then add screenshot-specific pixel comparison for this state."
"182","ask-ai","Ask AI","P8 Ask matter, cohorts, replay, experiments, flags","Ask AI answer state","/?locale=en&view=ask&variant=retention","Generated retention chart","state_route_defined","Run registry verification, then add screenshot-specific pixel comparison for this state."
"183","ask-ai","Ask AI","P8 Ask matter, cohorts, replay, experiments, flags","Ask AI answer state","/?locale=en&view=ask&variant=retention","Generated retention chart","state_route_defined","Run registry verification, then add screenshot-specific pixel comparison for this state."
"184","ask-ai","Ask AI","P8 Ask matter, cohorts, replay, experiments, flags","Ask AI answer state","/?locale=en&view=ask&variant=retention","Generated retention chart","state_route_defined","Run registry verification, then add screenshot-specific pixel comparison for this state."
"185","ask-ai","Ask AI","P8 Ask matter, cohorts, replay, experiments, flags","Ask AI answer state","/?locale=en&view=ask&variant=retention","Generated retention chart","state_route_defined","Run registry verification, then add screenshot-specific pixel comparison for this state."
"186","ask-ai","Ask AI","P8 Ask matter, cohorts, replay, experiments, flags","Ask AI answer state","/?locale=en&view=ask&variant=retention","Generated retention chart","state_route_defined","Run registry verification, then add screenshot-specific pixel comparison for this state."
"187","ask-ai","Ask AI","P8 Ask matter, cohorts, replay, experiments, flags","Ask AI answer state","/?locale=en&view=ask&variant=retention","Generated retention chart","state_route_defined","Run registry verification, then add screenshot-specific pixel comparison for this state."
"188","ask-ai","Ask AI","P8 Ask matter, cohorts, replay, experiments, flags","Ask feedback modal","/?locale=en&view=ask&variant=retention&modal=feedback","Were you satisfied with the response?","state_route_defined","Run registry verification, then add screenshot-specific pixel comparison for this state."
"189","ask-ai","Ask AI","P8 Ask matter, cohorts, replay, experiments, flags","Ask feedback modal","/?locale=en&view=ask&variant=retention&modal=feedback","Were you satisfied with the response?","state_route_defined","Run registry verification, then add screenshot-specific pixel comparison for this state."
"190","ask-ai","Ask AI","P8 Ask matter, cohorts, replay, experiments, flags","Ask feedback modal","/?locale=en&view=ask&variant=retention&modal=feedback","Were you satisfied with the response?","state_route_defined","Run registry verification, then add screenshot-specific pixel comparison for this state."
"191","ask-ai","Ask AI","P8 Ask matter, cohorts, replay, experiments, flags","Ask AI answer state","/?locale=en&view=ask&variant=retention","Generated retention chart","state_route_defined","Run registry verification, then add screenshot-specific pixel comparison for this state."
"192","product-overview","Product overview dashboard","P3 home dashboards and templates","product overview dashboard","/?locale=ko&view=home","Matter Analytics","state_route_defined","Run registry verification, then add screenshot-specific pixel comparison for this state."
"193","product-overview","Product overview dashboard","P3 home dashboards and templates","product overview dashboard","/?locale=ko&view=home","Matter Analytics","state_route_defined","Run registry verification, then add screenshot-specific pixel comparison for this state."
"194","product-overview","Product overview dashboard","P3 home dashboards and templates","product overview dashboard","/?locale=ko&view=home","Matter Analytics","state_route_defined","Run registry verification, then add screenshot-specific pixel comparison for this state."
"195","product-overview","Product overview dashboard","P3 home dashboards and templates","product overview dashboard","/?locale=ko&view=home","Matter Analytics","state_route_defined","Run registry verification, then add screenshot-specific pixel comparison for this state."
"196","user-profiles-list","User profiles list and cohort save","P5 matter profiles, event stream, raw evidence","user profiles list","/?locale=en&view=profiles&variant=userList","Matching Profiles","state_route_defined","Run registry verification, then add screenshot-specific pixel comparison for this state."
"197","user-profiles-list","User profiles list and cohort save","P5 matter profiles, event stream, raw evidence","user profiles list","/?locale=en&view=profiles&variant=userList","Matching Profiles","state_route_defined","Run registry verification, then add screenshot-specific pixel comparison for this state."
"198","user-profiles-list","User profiles list and cohort save","P5 matter profiles, event stream, raw evidence","user profiles list","/?locale=en&view=profiles&variant=userList","Matching Profiles","state_route_defined","Run registry verification, then add screenshot-specific pixel comparison for this state."
"199","user-profiles-list","User profiles list and cohort save","P5 matter profiles, event stream, raw evidence","user profiles list","/?locale=en&view=profiles&variant=userList","Matching Profiles","state_route_defined","Run registry verification, then add screenshot-specific pixel comparison for this state."
"200","user-profiles-list","User profiles list and cohort save","P5 matter profiles, event stream, raw evidence","user profiles list","/?locale=en&view=profiles&variant=userList","Matching Profiles","state_route_defined","Run registry verification, then add screenshot-specific pixel comparison for this state."
"201","user-profiles-list","User profiles list and cohort save","P5 matter profiles, event stream, raw evidence","save cohort modal","/?locale=en&view=profiles&variant=userList&modal=saveCohort","No Current Location","state_route_defined","Run registry verification, then add screenshot-specific pixel comparison for this state."
"202","user-profiles-list","User profiles list and cohort save","P5 matter profiles, event stream, raw evidence","save cohort modal","/?locale=en&view=profiles&variant=userList&modal=saveCohort","No Current Location","state_route_defined","Run registry verification, then add screenshot-specific pixel comparison for this state."
"203","user-profiles-list","User profiles list and cohort save","P5 matter profiles, event stream, raw evidence","save cohort modal","/?locale=en&view=profiles&variant=userList&modal=saveCohort","Save","state_route_defined","Run registry verification, then add screenshot-specific pixel comparison for this state."
"204","user-profiles-list","User profiles list and cohort save","P5 matter profiles, event stream, raw evidence","save cohort modal","/?locale=en&view=profiles&variant=userList&modal=saveCohort","Save","state_route_defined","Run registry verification, then add screenshot-specific pixel comparison for this state."
"205","user-profiles-list","User profiles list and cohort save","P5 matter profiles, event stream, raw evidence","save cohort modal","/?locale=en&view=profiles&variant=userList&modal=saveCohort","Save","state_route_defined","Run registry verification, then add screenshot-specific pixel comparison for this state."
"206","user-profiles-list","User profiles list and cohort save","P5 matter profiles, event stream, raw evidence","user profiles list","/?locale=en&view=profiles&variant=userList","Matching Profiles","state_route_defined","Run registry verification, then add screenshot-specific pixel comparison for this state."
"207","user-profile-detail","User profile detail","P5 matter profiles, event stream, raw evidence","user profile detail","/?locale=ko&view=profiles","Raw 이벤트","state_route_defined","Run registry verification, then add screenshot-specific pixel comparison for this state."
"208","user-profile-detail","User profile detail","P5 matter profiles, event stream, raw evidence","user profile detail","/?locale=ko&view=profiles","Raw 이벤트","state_route_defined","Run registry verification, then add screenshot-specific pixel comparison for this state."
"209","user-profile-detail","User profile detail","P5 matter profiles, event stream, raw evidence","user profile detail","/?locale=ko&view=profiles","Raw 이벤트","state_route_defined","Run registry verification, then add screenshot-specific pixel comparison for this state."
"210","cohorts-users","Cohorts and users","P8 Ask matter, cohorts, replay, experiments, flags","cohorts/users","/?locale=en&view=ask","Cohorts","state_route_defined","Run registry verification, then add screenshot-specific pixel comparison for this state."
"211","cohorts-users","Cohorts and users","P8 Ask matter, cohorts, replay, experiments, flags","cohorts/users","/?locale=en&view=ask","Cohorts","state_route_defined","Run registry verification, then add screenshot-specific pixel comparison for this state."
"212","cohorts-users","Cohorts and users","P8 Ask matter, cohorts, replay, experiments, flags","cohorts/users","/?locale=en&view=ask","Cohorts","state_route_defined","Run registry verification, then add screenshot-specific pixel comparison for this state."
"213","session-replay","Session replay","P8 Ask matter, cohorts, replay, experiments, flags","session replay","/?locale=en&view=ask","Session Replay","state_route_defined","Run registry verification, then add screenshot-specific pixel comparison for this state."
"214","session-replay","Session replay","P8 Ask matter, cohorts, replay, experiments, flags","session replay","/?locale=en&view=ask","Session Replay","state_route_defined","Run registry verification, then add screenshot-specific pixel comparison for this state."
"215","session-replay","Session replay","P8 Ask matter, cohorts, replay, experiments, flags","session replay detail modal","/?locale=en&view=ask&modal=sessionReplay","Session Replays","state_route_defined","Run registry verification, then add screenshot-specific pixel comparison for this state."
"216","experiments-overview","Experiments overview","P8 Ask matter, cohorts, replay, experiments, flags","experiments overview","/?locale=en&view=experiments&variant=overviewCards","Web experimentation","state_route_defined","Run registry verification, then add screenshot-specific pixel comparison for this state."
"217","experiments-overview","Experiments overview","P8 Ask matter, cohorts, replay, experiments, flags","experiments overview","/?locale=en&view=experiments&variant=overviewCards","Web experimentation","state_route_defined","Run registry verification, then add screenshot-specific pixel comparison for this state."
"218","experiments-overview","Experiments overview","P8 Ask matter, cohorts, replay, experiments, flags","experiments overview","/?locale=en&view=experiments&variant=overviewCards","Web experimentation","state_route_defined","Run registry verification, then add screenshot-specific pixel comparison for this state."
"219","experiments-overview","Experiments overview","P8 Ask matter, cohorts, replay, experiments, flags","new web experiment blank modal","/?locale=en&view=experiments&variant=overviewCards&modal=newExperimentBlank","Name*","state_route_defined","Run registry verification, then add screenshot-specific pixel comparison for this state."
"220","experiments-overview","Experiments overview","P8 Ask matter, cohorts, replay, experiments, flags","new web experiment filled modal","/?locale=en&view=experiments&variant=overviewCards&modal=newExperimentFilled","Targeted Page","state_route_defined","Run registry verification, then add screenshot-specific pixel comparison for this state."
"221","experiments-overview","Experiments overview","P8 Ask matter, cohorts, replay, experiments, flags","new web experiment advanced modal","/?locale=en&view=experiments&variant=overviewCards&modal=newExperimentAdvanced","Multi-Armed Bandit","state_route_defined","Run registry verification, then add screenshot-specific pixel comparison for this state."
"222","experiments-overview","Experiments overview","P8 Ask matter, cohorts, replay, experiments, flags","experiment opening-tab modal","/?locale=en&view=experiments&modal=openingTab","Opening a new tab","state_route_defined","Run registry verification, then add screenshot-specific pixel comparison for this state."
"223","experiment-builder","Experiment builder","P8 Ask matter, cohorts, replay, experiments, flags","experiment builder/rollout confirmation","/?locale=en&view=experiments&variant=builder","Targeting","state_route_defined","Run registry verification, then add screenshot-specific pixel comparison for this state."
"224","experiment-builder","Experiment builder","P8 Ask matter, cohorts, replay, experiments, flags","experiment setup site drawer","/?locale=en&view=experiments&variant=expSiteSetup","Script tag detected","state_route_defined","Run registry verification, then add screenshot-specific pixel comparison for this state."
"225","experiment-builder","Experiment builder","P8 Ask matter, cohorts, replay, experiments, flags","experiment setup variants drawer","/?locale=en&view=experiments&variant=expVariantsDrawer","Set up your variants","state_route_defined","Run registry verification, then add screenshot-specific pixel comparison for this state."
"226","experiment-builder","Experiment builder","P8 Ask matter, cohorts, replay, experiments, flags","experiment visual editor action modal","/?locale=en&view=experiments&variant=expActionModal","Apply an action to this variant","state_route_defined","Run registry verification, then add screenshot-specific pixel comparison for this state."
"227","experiment-builder","Experiment builder","P8 Ask matter, cohorts, replay, experiments, flags","experiment builder/rollout confirmation","/?locale=en&view=experiments&variant=builder","Targeting","state_route_defined","Run registry verification, then add screenshot-specific pixel comparison for this state."
"228","experiment-builder","Experiment builder","P8 Ask matter, cohorts, replay, experiments, flags","experiment visual editor property panel","/?locale=en&view=experiments&variant=expVisualEditor","Selector","state_route_defined","Run registry verification, then add screenshot-specific pixel comparison for this state."
"229","experiment-builder","Experiment builder","P8 Ask matter, cohorts, replay, experiments, flags","experiment builder/rollout confirmation","/?locale=en&view=experiments&variant=builder","Targeting","state_route_defined","Run registry verification, then add screenshot-specific pixel comparison for this state."
"230","experiment-builder","Experiment builder","P8 Ask matter, cohorts, replay, experiments, flags","experiment builder/rollout confirmation","/?locale=en&view=experiments&variant=builder","Targeting","state_route_defined","Run registry verification, then add screenshot-specific pixel comparison for this state."
"231","experiment-builder","Experiment builder","P8 Ask matter, cohorts, replay, experiments, flags","experiment builder/rollout confirmation","/?locale=en&view=experiments&variant=builder","Targeting","state_route_defined","Run registry verification, then add screenshot-specific pixel comparison for this state."
"232","experiment-builder","Experiment builder","P8 Ask matter, cohorts, replay, experiments, flags","experiment visual editor adding variants","/?locale=en&view=experiments&variant=expAdding","Adding variants to your experiment","state_route_defined","Run registry verification, then add screenshot-specific pixel comparison for this state."
"233","experiment-builder","Experiment builder","P8 Ask matter, cohorts, replay, experiments, flags","experiment builder/rollout confirmation","/?locale=en&view=experiments&variant=builder","Targeting","state_route_defined","Run registry verification, then add screenshot-specific pixel comparison for this state."
"234","experiment-builder","Experiment builder","P8 Ask matter, cohorts, replay, experiments, flags","experiment setup goals draft drawer","/?locale=en&view=experiments&variant=expGoalsDraft","Enable Recommendation","state_route_defined","Run registry verification, then add screenshot-specific pixel comparison for this state."
"235","experiment-builder","Experiment builder","P8 Ask matter, cohorts, replay, experiments, flags","experiment setup goals configured drawer","/?locale=en&view=experiments&variant=expGoalsConfigured","Sign up interest","state_route_defined","Run registry verification, then add screenshot-specific pixel comparison for this state."
"236","experiment-builder","Experiment builder","P8 Ask matter, cohorts, replay, experiments, flags","experiment setup delivery drawer","/?locale=en&view=experiments&variant=expDelivery","Delivery Options","state_route_defined","Run registry verification, then add screenshot-specific pixel comparison for this state."
"237","experiment-builder","Experiment builder","P8 Ask matter, cohorts, replay, experiments, flags","experiment builder/rollout confirmation","/?locale=en&view=experiments&variant=builder","Targeting","state_route_defined","Run registry verification, then add screenshot-specific pixel comparison for this state."
"238","experiment-builder","Experiment builder","P8 Ask matter, cohorts, replay, experiments, flags","experiment start confirmation modal","/?locale=en&view=experiments&variant=expStartModal","Start Experiment","state_route_defined","Run registry verification, then add screenshot-specific pixel comparison for this state."
"239","experiment-builder","Experiment builder","P8 Ask matter, cohorts, replay, experiments, flags","experiment detail settings","/?locale=en&view=experiments&variant=expDetailSettings","Targeting","state_route_defined","Run registry verification, then add screenshot-specific pixel comparison for this state."
"240","experiment-builder","Experiment builder","P8 Ask matter, cohorts, replay, experiments, flags","experiment detail activity","/?locale=en&view=experiments&variant=expDetailActivity","Data Quality","state_route_defined","Run registry verification, then add screenshot-specific pixel comparison for this state."
"241","resources-and-external-preview","Resources and external preview","P4 spaces, all content, search, resource surfaces","resources and external preview","/?locale=ko&view=content","리소스","state_route_defined","Run registry verification, then add screenshot-specific pixel comparison for this state."
"242","resources-and-external-preview","Resources and external preview","P4 spaces, all content, search, resource surfaces","resources and external preview","/?locale=ko&view=content","리소스","state_route_defined","Run registry verification, then add screenshot-specific pixel comparison for this state."
"243","resources-and-external-preview","Resources and external preview","P4 spaces, all content, search, resource surfaces","resources and external preview","/?locale=ko&view=content","리소스","state_route_defined","Run registry verification, then add screenshot-specific pixel comparison for this state."
"244","resources-and-external-preview","Resources and external preview","P4 spaces, all content, search, resource surfaces","visual labeling launch modal","/?locale=en&view=content&modal=visualLabelingLaunch","Launch Visual Labeling","state_route_defined","Run registry verification, then add screenshot-specific pixel comparison for this state."
"245","resources-and-external-preview","Resources and external preview","P4 spaces, all content, search, resource surfaces","resources and external preview","/?locale=ko&view=content","리소스","state_route_defined","Run registry verification, then add screenshot-specific pixel comparison for this state."
"246","resources-and-external-preview","Resources and external preview","P4 spaces, all content, search, resource surfaces","resources and external preview","/?locale=ko&view=content","리소스","state_route_defined","Run registry verification, then add screenshot-specific pixel comparison for this state."
"247","resources-and-external-preview","Resources and external preview","P4 spaces, all content, search, resource surfaces","resources and external preview","/?locale=ko&view=content","리소스","state_route_defined","Run registry verification, then add screenshot-specific pixel comparison for this state."
"248","resources-and-external-preview","Resources and external preview","P4 spaces, all content, search, resource surfaces","resources and external preview","/?locale=ko&view=content","리소스","state_route_defined","Run registry verification, then add screenshot-specific pixel comparison for this state."
"249","data-connections-catalog","Data, connections, catalog","P9 settings, team, billing, profile, notifications","data connections/catalog settings","/?locale=ko&view=admin","조직 설정","state_route_defined","Run registry verification, then add screenshot-specific pixel comparison for this state."
"250","data-connections-catalog","Data, connections, catalog","P9 settings, team, billing, profile, notifications","data connections/catalog settings","/?locale=ko&view=admin","조직 설정","state_route_defined","Run registry verification, then add screenshot-specific pixel comparison for this state."
"251","data-connections-catalog","Data, connections, catalog","P9 settings, team, billing, profile, notifications","data connections/catalog settings","/?locale=ko&view=admin","조직 설정","state_route_defined","Run registry verification, then add screenshot-specific pixel comparison for this state."
"252","data-connections-catalog","Data, connections, catalog","P9 settings, team, billing, profile, notifications","data connections/catalog settings","/?locale=ko&view=admin","조직 설정","state_route_defined","Run registry verification, then add screenshot-specific pixel comparison for this state."
"253","flags-and-content","Feature flags and content","P4 spaces, all content, search, resource surfaces","flags and content","/?locale=ko&view=content","기능 플래그","state_route_defined","Run registry verification, then add screenshot-specific pixel comparison for this state."
"254","flags-and-content","Feature flags and content","P4 spaces, all content, search, resource surfaces","flags and content","/?locale=ko&view=content","기능 플래그","state_route_defined","Run registry verification, then add screenshot-specific pixel comparison for this state."
"255","flags-and-content","Feature flags and content","P4 spaces, all content, search, resource surfaces","flags and content","/?locale=ko&view=content","기능 플래그","state_route_defined","Run registry verification, then add screenshot-specific pixel comparison for this state."
"256","flags-and-content","Feature flags and content","P4 spaces, all content, search, resource surfaces","flags and content","/?locale=ko&view=content","기능 플래그","state_route_defined","Run registry verification, then add screenshot-specific pixel comparison for this state."
"257","flags-and-content","Feature flags and content","P4 spaces, all content, search, resource surfaces","flags and content","/?locale=ko&view=content","기능 플래그","state_route_defined","Run registry verification, then add screenshot-specific pixel comparison for this state."
"258","flags-and-content","Feature flags and content","P4 spaces, all content, search, resource surfaces","flags and content","/?locale=ko&view=content","기능 플래그","state_route_defined","Run registry verification, then add screenshot-specific pixel comparison for this state."
"259","flags-and-content","Feature flags and content","P4 spaces, all content, search, resource surfaces","flags and content","/?locale=ko&view=content","기능 플래그","state_route_defined","Run registry verification, then add screenshot-specific pixel comparison for this state."
"260","flags-and-content","Feature flags and content","P4 spaces, all content, search, resource surfaces","flags and content","/?locale=ko&view=content","기능 플래그","state_route_defined","Run registry verification, then add screenshot-specific pixel comparison for this state."
"261","flags-and-content","Feature flags and content","P4 spaces, all content, search, resource surfaces","all-content archive confirmation modal","/?locale=en&view=content&modal=archive","Archive 2 items?","state_route_defined","Run registry verification, then add screenshot-specific pixel comparison for this state."
"262","flags-and-content","Feature flags and content","P4 spaces, all content, search, resource surfaces","flags and content","/?locale=ko&view=content","기능 플래그","state_route_defined","Run registry verification, then add screenshot-specific pixel comparison for this state."
"263","flags-and-content","Feature flags and content","P4 spaces, all content, search, resource surfaces","flags and content","/?locale=ko&view=content","기능 플래그","state_route_defined","Run registry verification, then add screenshot-specific pixel comparison for this state."
"264","flags-and-content","Feature flags and content","P4 spaces, all content, search, resource surfaces","flags and content","/?locale=ko&view=content","기능 플래그","state_route_defined","Run registry verification, then add screenshot-specific pixel comparison for this state."
"265","global-search","Global search","P1 app shell / navigation / search","global search","/?locale=ko&view=home&query=atlas","Search ""atlas""","state_route_defined","Run registry verification, then add screenshot-specific pixel comparison for this state."
"266","global-search","Global search","P1 app shell / navigation / search","global search","/?locale=ko&view=home&query=atlas","Search ""atlas""","state_route_defined","Run registry verification, then add screenshot-specific pixel comparison for this state."
"267","global-search","Global search","P1 app shell / navigation / search","global search","/?locale=ko&view=home&query=atlas","Search ""atlas""","state_route_defined","Run registry verification, then add screenshot-specific pixel comparison for this state."
"268","invite-teammates","Invite teammates","P9 settings, team, billing, profile, notifications","invite teammates modal","/?locale=ko&view=admin&modal=invite","멤버 초대","state_route_defined","Run registry verification, then add screenshot-specific pixel comparison for this state."
"269","invite-teammates","Invite teammates","P9 settings, team, billing, profile, notifications","invite teammates modal","/?locale=ko&view=admin&modal=invite","멤버 초대","state_route_defined","Run registry verification, then add screenshot-specific pixel comparison for this state."
"270","invite-teammates","Invite teammates","P9 settings, team, billing, profile, notifications","invite teammates modal","/?locale=ko&view=admin&modal=invite","멤버 초대","state_route_defined","Run registry verification, then add screenshot-specific pixel comparison for this state."
"271","invite-teammates","Invite teammates","P9 settings, team, billing, profile, notifications","invite teammates modal","/?locale=ko&view=admin&modal=invite","멤버 초대","state_route_defined","Run registry verification, then add screenshot-specific pixel comparison for this state."
"272","notifications","Notifications","P9 settings, team, billing, profile, notifications","notifications settings","/?locale=ko&view=admin","Notifications","state_route_defined","Run registry verification, then add screenshot-specific pixel comparison for this state."
"273","notifications","Notifications","P9 settings, team, billing, profile, notifications","notifications settings","/?locale=ko&view=admin","Notifications","state_route_defined","Run registry verification, then add screenshot-specific pixel comparison for this state."
"274","notifications","Notifications","P9 settings, team, billing, profile, notifications","notifications settings","/?locale=ko&view=admin","Notifications","state_route_defined","Run registry verification, then add screenshot-specific pixel comparison for this state."
"275","billing-plan","Billing and plan","P9 settings, team, billing, profile, notifications","billing and plan","/?locale=ko&view=admin","요금제와 사용량","state_route_defined","Run registry verification, then add screenshot-specific pixel comparison for this state."
"276","billing-plan","Billing and plan","P9 settings, team, billing, profile, notifications","billing and plan","/?locale=ko&view=admin","요금제와 사용량","state_route_defined","Run registry verification, then add screenshot-specific pixel comparison for this state."
"277","billing-plan","Billing and plan","P9 settings, team, billing, profile, notifications","billing and plan","/?locale=ko&view=admin","요금제와 사용량","state_route_defined","Run registry verification, then add screenshot-specific pixel comparison for this state."
"278","billing-plan","Billing and plan","P9 settings, team, billing, profile, notifications","billing and plan","/?locale=ko&view=admin","요금제와 사용량","state_route_defined","Run registry verification, then add screenshot-specific pixel comparison for this state."
"279","billing-plan","Billing and plan","P9 settings, team, billing, profile, notifications","billing and plan","/?locale=ko&view=admin","요금제와 사용량","state_route_defined","Run registry verification, then add screenshot-specific pixel comparison for this state."
"280","billing-plan","Billing and plan","P9 settings, team, billing, profile, notifications","billing and plan","/?locale=ko&view=admin","요금제와 사용량","state_route_defined","Run registry verification, then add screenshot-specific pixel comparison for this state."
"281","billing-plan","Billing and plan","P9 settings, team, billing, profile, notifications","billing and plan","/?locale=ko&view=admin","요금제와 사용량","state_route_defined","Run registry verification, then add screenshot-specific pixel comparison for this state."
"282","team-members","Team members","P9 settings, team, billing, profile, notifications","team members","/?locale=en&view=admin","Team Members","state_route_defined","Run registry verification, then add screenshot-specific pixel comparison for this state."
"283","team-members","Team members","P9 settings, team, billing, profile, notifications","team member remove confirmation modal","/?locale=en&view=admin&modal=remove","Remove 1 team member?","state_route_defined","Run registry verification, then add screenshot-specific pixel comparison for this state."
"284","team-members","Team members","P9 settings, team, billing, profile, notifications","team member remove confirmation modal","/?locale=en&view=admin&modal=remove","Transfer content from Alex Smith to:","state_route_defined","Run registry verification, then add screenshot-specific pixel comparison for this state."
"285","team-members","Team members","P9 settings, team, billing, profile, notifications","team member remove confirmation modal","/?locale=en&view=admin&modal=remove","Transfer content from Alex Smith to:","state_route_defined","Run registry verification, then add screenshot-specific pixel comparison for this state."
"286","team-members","Team members","P9 settings, team, billing, profile, notifications","team members","/?locale=en&view=admin","Team Members","state_route_defined","Run registry verification, then add screenshot-specific pixel comparison for this state."
"287","profile-settings","Profile settings","P9 settings, team, billing, profile, notifications","profile settings","/?locale=en&view=admin&variant=profile","Personal Information","state_route_defined","Run registry verification, then add screenshot-specific pixel comparison for this state."
"288","profile-settings","Profile settings","P9 settings, team, billing, profile, notifications","profile settings","/?locale=en&view=admin&variant=profile","Personal Information","state_route_defined","Run registry verification, then add screenshot-specific pixel comparison for this state."
"289","profile-settings","Profile settings","P9 settings, team, billing, profile, notifications","profile settings","/?locale=en&view=admin&variant=profile","Personal Information","state_route_defined","Run registry verification, then add screenshot-specific pixel comparison for this state."
"290","profile-settings","Profile settings","P9 settings, team, billing, profile, notifications","profile photo modal","/?locale=en&view=admin&variant=profile&modal=profilePicture","Profile Picture","state_route_defined","Run registry verification, then add screenshot-specific pixel comparison for this state."
"291","profile-settings","Profile settings","P9 settings, team, billing, profile, notifications","profile photo modal","/?locale=en&view=admin&variant=profile&modal=profilePicture","Profile Picture","state_route_defined","Run registry verification, then add screenshot-specific pixel comparison for this state."
"292","profile-settings","Profile settings","P9 settings, team, billing, profile, notifications","profile settings","/?locale=en&view=admin&variant=profile","Personal Information","state_route_defined","Run registry verification, then add screenshot-specific pixel comparison for this state."
"293","feedback","Feedback widgets","P9 settings, team, billing, profile, notifications","feedback rating widget","/?locale=en&view=home&variant=feedbackStars","How would you rate your experience","state_route_defined","Run registry verification, then add screenshot-specific pixel comparison for this state."
"294","feedback","Feedback widgets","P9 settings, team, billing, profile, notifications","feedback text widget","/?locale=en&view=home&variant=feedbackComment","Anything else to add?","state_route_defined","Run registry verification, then add screenshot-specific pixel comparison for this state."
"295","feedback","Feedback widgets","P9 settings, team, billing, profile, notifications","feedback text widget filled","/?locale=en&view=home&variant=feedbackFilled","Show me mouse clicks","state_route_defined","Run registry verification, then add screenshot-specific pixel comparison for this state."
"296","feedback","Feedback widgets","P9 settings, team, billing, profile, notifications","feedback thanks widget","/?locale=en&view=home&variant=feedbackThanks","Thank you for your feedback","state_route_defined","Run registry verification, then add screenshot-specific pixel comparison for this state."
"297","theme-dark-mode","Theme and dark mode","P10 dark theme and preference parity","theme preferences modal","/?locale=en&view=home&modal=themePreferences","Theme Preferences","state_route_defined","Run registry verification, then add screenshot-specific pixel comparison for this state."
"298","theme-dark-mode","Theme and dark mode","P10 dark theme and preference parity","theme and dark mode","/?locale=en&theme=dark&view=dark","Theme Preferences","state_route_defined","Run registry verification, then add screenshot-specific pixel comparison for this state."
"299","theme-dark-mode","Theme and dark mode","P10 dark theme and preference parity","theme and dark mode","/?locale=en&theme=dark&view=dark","Theme Preferences","state_route_defined","Run registry verification, then add screenshot-specific pixel comparison for this state."
"300","theme-dark-mode","Theme and dark mode","P10 dark theme and preference parity","dark-shell bright dashboard templates grid","/?locale=en&theme=dark&view=dark&variant=darkTemplates","Dashboard Templates","state_route_defined","Run registry verification, then add screenshot-specific pixel comparison for this state."
"301","theme-dark-mode","Theme and dark mode","P10 dark theme and preference parity","theme and dark mode","/?locale=en&theme=dark&view=dark","Theme Preferences","state_route_defined","Run registry verification, then add screenshot-specific pixel comparison for this state."
"302","theme-dark-mode","Theme and dark mode","P10 dark theme and preference parity","theme and dark mode","/?locale=en&theme=dark&view=dark","Theme Preferences","state_route_defined","Run registry verification, then add screenshot-specific pixel comparison for this state."
"303","auth-returning-user","Auth returning user","P2 auth and onboarding flow","returning user auth","/?locale=en&view=auth&authStep=login","Log in to matter","state_route_defined","Run registry verification, then add screenshot-specific pixel comparison for this state."
"304","auth-returning-user","Auth returning user","P2 auth and onboarding flow","returning user auth","/?locale=en&view=auth&authStep=login","Log in to matter","state_route_defined","Run registry verification, then add screenshot-specific pixel comparison for this state."
"305","auth-returning-user","Auth returning user","P2 auth and onboarding flow","returning user auth","/?locale=en&view=auth&authStep=login","Log in to matter","state_route_defined","Run registry verification, then add screenshot-specific pixel comparison for this state."
"306","auth-returning-user","Auth returning user","P2 auth and onboarding flow","returning user auth","/?locale=en&view=auth&authStep=login","Log in to matter","state_route_defined","Run registry verification, then add screenshot-specific pixel comparison for this state."
"307","auth-returning-user","Auth returning user","P2 auth and onboarding flow","returning user auth","/?locale=en&view=auth&authStep=login","Log in to matter","state_route_defined","Run registry verification, then add screenshot-specific pixel comparison for this state."
"308","auth-returning-user","Auth returning user","P2 auth and onboarding flow","returning user auth","/?locale=en&view=auth&authStep=login","Log in to matter","state_route_defined","Run registry verification, then add screenshot-specific pixel comparison for this state."
"309","auth-returning-user","Auth returning user","P2 auth and onboarding flow","returning user auth","/?locale=en&view=auth&authStep=login","Log in to matter","state_route_defined","Run registry verification, then add screenshot-specific pixel comparison for this state."
"310","auth-returning-user","Auth returning user","P2 auth and onboarding flow","returning user auth","/?locale=en&view=auth&authStep=login","Log in to matter","state_route_defined","Run registry verification, then add screenshot-specific pixel comparison for this state."
"311","auth-returning-user","Auth returning user","P2 auth and onboarding flow","returning user auth","/?locale=en&view=auth&authStep=login","Log in to matter","state_route_defined","Run registry verification, then add screenshot-specific pixel comparison for this state."
"312","auth-returning-user","Auth returning user","P2 auth and onboarding flow","returning user auth","/?locale=en&view=auth&authStep=login","Log in to matter","state_route_defined","Run registry verification, then add screenshot-specific pixel comparison for this state."
"313","auth-returning-user","Auth returning user","P2 auth and onboarding flow","returning user auth","/?locale=en&view=auth&authStep=login","Log in to matter","state_route_defined","Run registry verification, then add screenshot-specific pixel comparison for this state."
"314","auth-returning-user","Auth returning user","P2 auth and onboarding flow","returning user auth","/?locale=en&view=auth&authStep=login","Log in to matter","state_route_defined","Run registry verification, then add screenshot-specific pixel comparison for this state."
"315","auth-returning-user","Auth returning user","P2 auth and onboarding flow","returning user auth","/?locale=en&view=auth&authStep=login","Log in to matter","state_route_defined","Run registry verification, then add screenshot-specific pixel comparison for this state."
"316","auth-returning-user","Auth returning user","P2 auth and onboarding flow","returning user auth","/?locale=en&view=auth&authStep=login","Log in to matter","state_route_defined","Run registry verification, then add screenshot-specific pixel comparison for this state."
"317","auth-returning-user","Auth returning user","P2 auth and onboarding flow","returning user auth","/?locale=en&view=auth&authStep=login","Log in to matter","state_route_defined","Run registry verification, then add screenshot-specific pixel comparison for this state."
