"screenshot_id","flow_id","screen_family","state_family","matter_route","expected_text","route_verified","verification_tier","next_gate"
"0","marketing-entry","Marketing landing","public marketing hero","/?locale=en&view=auth&authStep=signup","Chart your legal path","true","screenshot_state_route_verified","Capture this exact screenshot-state and compare pixel/layout drift against the Amplitude source screenshot."
"1","signup-start","Signup modal over app preview","signup modal/form","/?locale=en&view=auth&authStep=signupModal","Get started free","true","screenshot_state_route_verified","Capture this exact screenshot-state and compare pixel/layout drift against the Amplitude source screenshot."
"2","signup-start","Signup modal over app preview","signup modal/form","/?locale=en&view=auth&authStep=signupModal","Get started free","true","screenshot_state_route_verified","Capture this exact screenshot-state and compare pixel/layout drift against the Amplitude source screenshot."
"3","signup-start","Signup modal over app preview","signup modal/form","/?locale=en&view=auth&authStep=signupModal","Get started free","true","screenshot_state_route_verified","Capture this exact screenshot-state and compare pixel/layout drift against the Amplitude source screenshot."
"4","email-verification","Email verification","email verification","/?locale=ko&view=auth&authStep=verify","이메일을 확인하세요","true","screenshot_state_route_verified","Capture this exact screenshot-state and compare pixel/layout drift against the Amplitude source screenshot."
"5","password-setup","Password setup","password setup","/?locale=en&view=auth&authStep=password","Set your password","true","screenshot_state_route_verified","Capture this exact screenshot-state and compare pixel/layout drift against the Amplitude source screenshot."
"6","password-setup","Password setup","password setup","/?locale=en&view=auth&authStep=password","Set your password","true","screenshot_state_route_verified","Capture this exact screenshot-state and compare pixel/layout drift against the Amplitude source screenshot."
"7","password-setup","Password setup","password setup","/?locale=en&view=auth&authStep=password","Set your password","true","screenshot_state_route_verified","Capture this exact screenshot-state and compare pixel/layout drift against the Amplitude source screenshot."
"8","organization-create","Organization creation","organization setup","/?locale=ko&view=auth&authStep=org","조직 생성","true","screenshot_state_route_verified","Capture this exact screenshot-state and compare pixel/layout drift against the Amplitude source screenshot."
"9","organization-create","Organization creation","organization setup","/?locale=ko&view=auth&authStep=org","조직 생성","true","screenshot_state_route_verified","Capture this exact screenshot-state and compare pixel/layout drift against the Amplitude source screenshot."
"10","organization-create","Organization creation","organization setup","/?locale=ko&view=auth&authStep=org","조직 생성","true","screenshot_state_route_verified","Capture this exact screenshot-state and compare pixel/layout drift against the Amplitude source screenshot."
"11","loading","Loading interstitial","loading interstitial","/?locale=ko&view=loading","matter 작업공간을 불러오는 중","true","screenshot_state_route_verified","Capture this exact screenshot-state and compare pixel/layout drift against the Amplitude source screenshot."
"12","onboarding-source-selection","Onboarding checklist","onboarding connector checklist","/?locale=en&view=auth&authStep=onboarding","Set up matter","true","screenshot_state_route_verified","Capture this exact screenshot-state and compare pixel/layout drift against the Amplitude source screenshot."
"13","onboarding-source-selection","Onboarding checklist","onboarding connector checklist","/?locale=en&view=auth&authStep=onboarding","Set up matter","true","screenshot_state_route_verified","Capture this exact screenshot-state and compare pixel/layout drift against the Amplitude source screenshot."
"14","home-dashboard","Home dashboard","home dashboard","/?locale=ko&view=home","Matter Analytics","true","screenshot_state_route_verified","Capture this exact screenshot-state and compare pixel/layout drift against the Amplitude source screenshot."
"15","home-dashboard","Home dashboard","home dashboard","/?locale=ko&view=home","Matter Analytics","true","screenshot_state_route_verified","Capture this exact screenshot-state and compare pixel/layout drift against the Amplitude source screenshot."
"16","home-guidance","Guidance overlays","new navigation tour modal","/?locale=en&view=home&modal=newNavigationTour","Experience the new Amplitude","true","screenshot_state_route_verified","Capture this exact screenshot-state and compare pixel/layout drift against the Amplitude source screenshot."
"17","home-guidance","Guidance overlays","home guidance modal/popover family","/?locale=en&view=home&variant=tour","What's New","true","screenshot_state_route_verified","Capture this exact screenshot-state and compare pixel/layout drift against the Amplitude source screenshot."
"18","home-guidance","Guidance overlays","home guidance modal/popover family","/?locale=en&view=home&variant=tour","What's New","true","screenshot_state_route_verified","Capture this exact screenshot-state and compare pixel/layout drift against the Amplitude source screenshot."
"19","home-guidance","Guidance overlays","home guidance modal/popover family","/?locale=en&view=home&variant=tour","What's New","true","screenshot_state_route_verified","Capture this exact screenshot-state and compare pixel/layout drift against the Amplitude source screenshot."
"20","home-widgets","Dashboard widgets","home widget grid","/?locale=ko&view=home","실시간 게이지","true","screenshot_state_route_verified","Capture this exact screenshot-state and compare pixel/layout drift against the Amplitude source screenshot."
"21","home-widgets","Dashboard widgets","home widget grid","/?locale=ko&view=home","실시간 게이지","true","screenshot_state_route_verified","Capture this exact screenshot-state and compare pixel/layout drift against the Amplitude source screenshot."
"22","home-widgets","Dashboard widgets","home widget grid","/?locale=ko&view=home","실시간 게이지","true","screenshot_state_route_verified","Capture this exact screenshot-state and compare pixel/layout drift against the Amplitude source screenshot."
"23","home-widgets","Dashboard widgets","home widget grid","/?locale=ko&view=home","실시간 게이지","true","screenshot_state_route_verified","Capture this exact screenshot-state and compare pixel/layout drift against the Amplitude source screenshot."
"24","home-widgets","Dashboard widgets","home widget grid","/?locale=ko&view=home","실시간 게이지","true","screenshot_state_route_verified","Capture this exact screenshot-state and compare pixel/layout drift against the Amplitude source screenshot."
"25","home-actions","Home menus and resources","home menus/search/resource actions","/?locale=ko&view=home&query=atlas","Search ""atlas""","true","screenshot_state_route_verified","Capture this exact screenshot-state and compare pixel/layout drift against the Amplitude source screenshot."
"26","home-actions","Home menus and resources","home annotation modal","/?locale=en&view=home&modal=annotation","New Annotation","true","screenshot_state_route_verified","Capture this exact screenshot-state and compare pixel/layout drift against the Amplitude source screenshot."
"27","home-actions","Home menus and resources","home annotation modal","/?locale=en&view=home&modal=annotation","New Annotation","true","screenshot_state_route_verified","Capture this exact screenshot-state and compare pixel/layout drift against the Amplitude source screenshot."
"28","home-actions","Home menus and resources","home menus/search/resource actions","/?locale=ko&view=home&query=atlas","Search ""atlas""","true","screenshot_state_route_verified","Capture this exact screenshot-state and compare pixel/layout drift against the Amplitude source screenshot."
"29","home-actions","Home menus and resources","home menus/search/resource actions","/?locale=ko&view=home&query=atlas","Search ""atlas""","true","screenshot_state_route_verified","Capture this exact screenshot-state and compare pixel/layout drift against the Amplitude source screenshot."
"30","home-actions","Home menus and resources","home menus/search/resource actions","/?locale=ko&view=home&query=atlas","Search ""atlas""","true","screenshot_state_route_verified","Capture this exact screenshot-state and compare pixel/layout drift against the Amplitude source screenshot."
"31","home-actions","Home menus and resources","home menus/search/resource actions","/?locale=ko&view=home&query=atlas","Search ""atlas""","true","screenshot_state_route_verified","Capture this exact screenshot-state and compare pixel/layout drift against the Amplitude source screenshot."
"32","home-actions","Home menus and resources","home menus/search/resource actions","/?locale=ko&view=home&query=atlas","Search ""atlas""","true","screenshot_state_route_verified","Capture this exact screenshot-state and compare pixel/layout drift against the Amplitude source screenshot."
"33","home-actions","Home menus and resources","home menus/search/resource actions","/?locale=ko&view=home&query=atlas","Search ""atlas""","true","screenshot_state_route_verified","Capture this exact screenshot-state and compare pixel/layout drift against the Amplitude source screenshot."
"34","home-actions","Home menus and resources","home menus/search/resource actions","/?locale=ko&view=home&query=atlas","Search ""atlas""","true","screenshot_state_route_verified","Capture this exact screenshot-state and compare pixel/layout drift against the Amplitude source screenshot."
"35","home-actions","Home menus and resources","home menus/search/resource actions","/?locale=ko&view=home&query=atlas","Search ""atlas""","true","screenshot_state_route_verified","Capture this exact screenshot-state and compare pixel/layout drift against the Amplitude source screenshot."
"36","home-actions","Home menus and resources","home menus/search/resource actions","/?locale=ko&view=home&query=atlas","Search ""atlas""","true","screenshot_state_route_verified","Capture this exact screenshot-state and compare pixel/layout drift against the Amplitude source screenshot."
"37","home-actions","Home menus and resources","home menus/search/resource actions","/?locale=ko&view=home&query=atlas","Search ""atlas""","true","screenshot_state_route_verified","Capture this exact screenshot-state and compare pixel/layout drift against the Amplitude source screenshot."
"38","ask-entry","Ask Amplitude prompt gallery","Ask prompt gallery","/?locale=ko&view=ask","matter에게 질문","true","screenshot_state_route_verified","Capture this exact screenshot-state and compare pixel/layout drift against the Amplitude source screenshot."
"39","ask-entry","Ask Amplitude prompt gallery","Ask prompt gallery","/?locale=ko&view=ask","matter에게 질문","true","screenshot_state_route_verified","Capture this exact screenshot-state and compare pixel/layout drift against the Amplitude source screenshot."
"40","ask-entry","Ask Amplitude prompt gallery","Ask prompt gallery","/?locale=ko&view=ask","matter에게 질문","true","screenshot_state_route_verified","Capture this exact screenshot-state and compare pixel/layout drift against the Amplitude source screenshot."
"41","segmentation-basic","Segmentation builder","segmentation builder","/?locale=en&view=analytics","Untitled Chart","true","screenshot_state_route_verified","Capture this exact screenshot-state and compare pixel/layout drift against the Amplitude source screenshot."
"42","segmentation-basic","Segmentation builder","segmentation builder","/?locale=en&view=analytics","Untitled Chart","true","screenshot_state_route_verified","Capture this exact screenshot-state and compare pixel/layout drift against the Amplitude source screenshot."
"43","segmentation-basic","Segmentation builder","segmentation builder","/?locale=en&view=analytics","Untitled Chart","true","screenshot_state_route_verified","Capture this exact screenshot-state and compare pixel/layout drift against the Amplitude source screenshot."
"44","segmentation-basic","Segmentation builder","segmentation builder","/?locale=en&view=analytics","Untitled Chart","true","screenshot_state_route_verified","Capture this exact screenshot-state and compare pixel/layout drift against the Amplitude source screenshot."
"45","save-chart-modal","Save chart modal","save chart modal","/?locale=en&view=analytics&modal=save","Save Chart","true","screenshot_state_route_verified","Capture this exact screenshot-state and compare pixel/layout drift against the Amplitude source screenshot."
"46","segmentation-advanced","Segmentation advanced states","advanced builder states","/?locale=en&view=analytics","Recommendations","true","screenshot_state_route_verified","Capture this exact screenshot-state and compare pixel/layout drift against the Amplitude source screenshot."
"47","segmentation-advanced","Segmentation advanced states","advanced builder states","/?locale=en&view=analytics","Recommendations","true","screenshot_state_route_verified","Capture this exact screenshot-state and compare pixel/layout drift against the Amplitude source screenshot."
"48","segmentation-advanced","Segmentation advanced states","advanced builder states","/?locale=en&view=analytics","Recommendations","true","screenshot_state_route_verified","Capture this exact screenshot-state and compare pixel/layout drift against the Amplitude source screenshot."
"49","segmentation-advanced","Segmentation advanced states","advanced builder states","/?locale=en&view=analytics","Recommendations","true","screenshot_state_route_verified","Capture this exact screenshot-state and compare pixel/layout drift against the Amplitude source screenshot."
"50","segmentation-advanced","Segmentation advanced states","advanced builder states","/?locale=en&view=analytics","Recommendations","true","screenshot_state_route_verified","Capture this exact screenshot-state and compare pixel/layout drift against the Amplitude source screenshot."
"51","segmentation-advanced","Segmentation advanced states","advanced builder states","/?locale=en&view=analytics","Recommendations","true","screenshot_state_route_verified","Capture this exact screenshot-state and compare pixel/layout drift against the Amplitude source screenshot."
"52","segmentation-advanced","Segmentation advanced states","advanced builder states","/?locale=en&view=analytics","Recommendations","true","screenshot_state_route_verified","Capture this exact screenshot-state and compare pixel/layout drift against the Amplitude source screenshot."
"53","segmentation-advanced","Segmentation advanced states","advanced builder states","/?locale=en&view=analytics","Recommendations","true","screenshot_state_route_verified","Capture this exact screenshot-state and compare pixel/layout drift against the Amplitude source screenshot."
"54","segmentation-advanced","Segmentation advanced states","advanced builder states","/?locale=en&view=analytics","Recommendations","true","screenshot_state_route_verified","Capture this exact screenshot-state and compare pixel/layout drift against the Amplitude source screenshot."
"55","segmentation-advanced","Segmentation advanced states","advanced builder states","/?locale=en&view=analytics","Recommendations","true","screenshot_state_route_verified","Capture this exact screenshot-state and compare pixel/layout drift against the Amplitude source screenshot."
"56","segmentation-advanced","Segmentation advanced states","advanced builder states","/?locale=en&view=analytics","Recommendations","true","screenshot_state_route_verified","Capture this exact screenshot-state and compare pixel/layout drift against the Amplitude source screenshot."
"57","segmentation-advanced","Segmentation advanced states","advanced builder states","/?locale=en&view=analytics","Recommendations","true","screenshot_state_route_verified","Capture this exact screenshot-state and compare pixel/layout drift against the Amplitude source screenshot."
"58","segmentation-advanced","Segmentation advanced states","advanced builder states","/?locale=en&view=analytics","Recommendations","true","screenshot_state_route_verified","Capture this exact screenshot-state and compare pixel/layout drift against the Amplitude source screenshot."
"59","segmentation-advanced","Segmentation advanced states","advanced builder states","/?locale=en&view=analytics","Recommendations","true","screenshot_state_route_verified","Capture this exact screenshot-state and compare pixel/layout drift against the Amplitude source screenshot."
"60","segmentation-advanced","Segmentation advanced states","advanced builder states","/?locale=en&view=analytics","Recommendations","true","screenshot_state_route_verified","Capture this exact screenshot-state and compare pixel/layout drift against the Amplitude source screenshot."
"61","segmentation-advanced","Segmentation advanced states","advanced builder states","/?locale=en&view=analytics","Recommendations","true","screenshot_state_route_verified","Capture this exact screenshot-state and compare pixel/layout drift against the Amplitude source screenshot."
"62","segmentation-advanced","Segmentation advanced states","advanced builder states","/?locale=en&view=analytics","Recommendations","true","screenshot_state_route_verified","Capture this exact screenshot-state and compare pixel/layout drift against the Amplitude source screenshot."
"63","segmentation-advanced","Segmentation advanced states","advanced builder states","/?locale=en&view=analytics","Recommendations","true","screenshot_state_route_verified","Capture this exact screenshot-state and compare pixel/layout drift against the Amplitude source screenshot."
"64","segmentation-advanced","Segmentation advanced states","advanced builder states","/?locale=en&view=analytics","Recommendations","true","screenshot_state_route_verified","Capture this exact screenshot-state and compare pixel/layout drift against the Amplitude source screenshot."
"65","segmentation-advanced","Segmentation advanced states","advanced builder states","/?locale=en&view=analytics","Recommendations","true","screenshot_state_route_verified","Capture this exact screenshot-state and compare pixel/layout drift against the Amplitude source screenshot."
"66","segmentation-advanced","Segmentation advanced states","advanced builder states","/?locale=en&view=analytics","Recommendations","true","screenshot_state_route_verified","Capture this exact screenshot-state and compare pixel/layout drift against the Amplitude source screenshot."
"67","segmentation-advanced","Segmentation advanced states","advanced builder states","/?locale=en&view=analytics","Recommendations","true","screenshot_state_route_verified","Capture this exact screenshot-state and compare pixel/layout drift against the Amplitude source screenshot."
"68","segmentation-advanced","Segmentation advanced states","advanced builder states","/?locale=en&view=analytics","Recommendations","true","screenshot_state_route_verified","Capture this exact screenshot-state and compare pixel/layout drift against the Amplitude source screenshot."
"69","segmentation-advanced","Segmentation advanced states","advanced builder states","/?locale=en&view=analytics","Recommendations","true","screenshot_state_route_verified","Capture this exact screenshot-state and compare pixel/layout drift against the Amplitude source screenshot."
"70","segmentation-advanced","Segmentation advanced states","advanced builder states","/?locale=en&view=analytics","Recommendations","true","screenshot_state_route_verified","Capture this exact screenshot-state and compare pixel/layout drift against the Amplitude source screenshot."
"71","segmentation-advanced","Segmentation advanced states","advanced builder states","/?locale=en&view=analytics","Recommendations","true","screenshot_state_route_verified","Capture this exact screenshot-state and compare pixel/layout drift against the Amplitude source screenshot."
"72","segmentation-advanced","Segmentation advanced states","advanced builder states","/?locale=en&view=analytics","Recommendations","true","screenshot_state_route_verified","Capture this exact screenshot-state and compare pixel/layout drift against the Amplitude source screenshot."
"73","segmentation-advanced","Segmentation advanced states","advanced builder states","/?locale=en&view=analytics","Recommendations","true","screenshot_state_route_verified","Capture this exact screenshot-state and compare pixel/layout drift against the Amplitude source screenshot."
"74","segmentation-advanced","Segmentation advanced states","advanced builder states","/?locale=en&view=analytics","Recommendations","true","screenshot_state_route_verified","Capture this exact screenshot-state and compare pixel/layout drift against the Amplitude source screenshot."
"75","segmentation-advanced","Segmentation advanced states","advanced builder states","/?locale=en&view=analytics","Recommendations","true","screenshot_state_route_verified","Capture this exact screenshot-state and compare pixel/layout drift against the Amplitude source screenshot."
"76","segmentation-advanced","Segmentation advanced states","advanced builder states","/?locale=en&view=analytics","Recommendations","true","screenshot_state_route_verified","Capture this exact screenshot-state and compare pixel/layout drift against the Amplitude source screenshot."
"77","segmentation-advanced","Segmentation advanced states","advanced builder states","/?locale=en&view=analytics","Recommendations","true","screenshot_state_route_verified","Capture this exact screenshot-state and compare pixel/layout drift against the Amplitude source screenshot."
"78","segmentation-advanced","Segmentation advanced states","advanced builder states","/?locale=en&view=analytics","Recommendations","true","screenshot_state_route_verified","Capture this exact screenshot-state and compare pixel/layout drift against the Amplitude source screenshot."
"79","segmentation-advanced","Segmentation advanced states","advanced builder states","/?locale=en&view=analytics","Recommendations","true","screenshot_state_route_verified","Capture this exact screenshot-state and compare pixel/layout drift against the Amplitude source screenshot."
"80","chart-type-modal","Chart type modal","chart type modal","/?locale=en&view=analytics&modal=chartType","Choose chart type","true","screenshot_state_route_verified","Capture this exact screenshot-state and compare pixel/layout drift against the Amplitude source screenshot."
"81","segmentation-output","Segmentation output and custom events","segmentation output","/?locale=en&view=analytics","Result Table","true","screenshot_state_route_verified","Capture this exact screenshot-state and compare pixel/layout drift against the Amplitude source screenshot."
"82","segmentation-output","Segmentation output and custom events","segmentation output","/?locale=en&view=analytics","Result Table","true","screenshot_state_route_verified","Capture this exact screenshot-state and compare pixel/layout drift against the Amplitude source screenshot."
"83","segmentation-output","Segmentation output and custom events","segmentation output","/?locale=en&view=analytics","Result Table","true","screenshot_state_route_verified","Capture this exact screenshot-state and compare pixel/layout drift against the Amplitude source screenshot."
"84","segmentation-output","Segmentation output and custom events","segmentation output","/?locale=en&view=analytics","Result Table","true","screenshot_state_route_verified","Capture this exact screenshot-state and compare pixel/layout drift against the Amplitude source screenshot."
"85","segmentation-output","Segmentation output and custom events","segmentation output","/?locale=en&view=analytics","Result Table","true","screenshot_state_route_verified","Capture this exact screenshot-state and compare pixel/layout drift against the Amplitude source screenshot."
"86","segmentation-output","Segmentation output and custom events","segmentation output","/?locale=en&view=analytics","Result Table","true","screenshot_state_route_verified","Capture this exact screenshot-state and compare pixel/layout drift against the Amplitude source screenshot."
"87","segmentation-output","Segmentation output and custom events","segmentation output","/?locale=en&view=analytics","Result Table","true","screenshot_state_route_verified","Capture this exact screenshot-state and compare pixel/layout drift against the Amplitude source screenshot."
"88","segmentation-output","Segmentation output and custom events","segmentation output","/?locale=en&view=analytics","Result Table","true","screenshot_state_route_verified","Capture this exact screenshot-state and compare pixel/layout drift against the Amplitude source screenshot."
"89","segmentation-output","Segmentation output and custom events","segmentation output","/?locale=en&view=analytics","Result Table","true","screenshot_state_route_verified","Capture this exact screenshot-state and compare pixel/layout drift against the Amplitude source screenshot."
"90","segmentation-output","Segmentation output and custom events","segmentation output","/?locale=en&view=analytics","Result Table","true","screenshot_state_route_verified","Capture this exact screenshot-state and compare pixel/layout drift against the Amplitude source screenshot."
"91","segmentation-output","Segmentation output and custom events","segmentation output","/?locale=en&view=analytics","Result Table","true","screenshot_state_route_verified","Capture this exact screenshot-state and compare pixel/layout drift against the Amplitude source screenshot."
"92","segmentation-output","Segmentation output and custom events","segmentation output","/?locale=en&view=analytics","Result Table","true","screenshot_state_route_verified","Capture this exact screenshot-state and compare pixel/layout drift against the Amplitude source screenshot."
"93","segmentation-output","Segmentation output and custom events","segmentation output","/?locale=en&view=analytics","Result Table","true","screenshot_state_route_verified","Capture this exact screenshot-state and compare pixel/layout drift against the Amplitude source screenshot."
"94","segmentation-output","Segmentation output and custom events","segmentation output","/?locale=en&view=analytics","Result Table","true","screenshot_state_route_verified","Capture this exact screenshot-state and compare pixel/layout drift against the Amplitude source screenshot."
"95","share-save-modals","Share and save modals","share modal blank","/?locale=en&view=analytics&modal=share","Add people","true","screenshot_state_route_verified","Capture this exact screenshot-state and compare pixel/layout drift against the Amplitude source screenshot."
"96","share-save-modals","Share and save modals","share modal invite recipient","/?locale=en&view=analytics&modal=shareInvite","Alex Smith","true","screenshot_state_route_verified","Capture this exact screenshot-state and compare pixel/layout drift against the Amplitude source screenshot."
"97","share-save-modals","Share and save modals","share success toast","/?locale=en&view=analytics&variant=shareToast","Success. Shared","true","screenshot_state_route_verified","Capture this exact screenshot-state and compare pixel/layout drift against the Amplitude source screenshot."
"98","share-save-modals","Share and save modals","share modal history","/?locale=en&view=analytics&modal=shareHistory","Last Viewed","true","screenshot_state_route_verified","Capture this exact screenshot-state and compare pixel/layout drift against the Amplitude source screenshot."
"99","share-save-modals","Share and save modals","save chart selected-card modal","/?locale=en&view=analytics&modal=saveChartCard","Page Views by Unique Users","true","screenshot_state_route_verified","Capture this exact screenshot-state and compare pixel/layout drift against the Amplitude source screenshot."
"100","share-save-modals","Share and save modals","save chart suggested-name modal","/?locale=en&view=analytics&modal=saveChartSuggest","Suggest","true","screenshot_state_route_verified","Capture this exact screenshot-state and compare pixel/layout drift against the Amplitude source screenshot."
"101","share-save-modals","Share and save modals","save chart report dropdown","/?locale=en&view=analytics&modal=saveChartReportDropdown","Create a new dashboard","true","screenshot_state_route_verified","Capture this exact screenshot-state and compare pixel/layout drift against the Amplitude source screenshot."
"102","share-save-modals","Share and save modals","save chart selected-report modal","/?locale=en&view=analytics&modal=saveChartReportSelected","Untitled Dashboard - Dec 16","true","screenshot_state_route_verified","Capture this exact screenshot-state and compare pixel/layout drift against the Amplitude source screenshot."
"103","chart-page-empty-table","Chart and data table entry","chart/data-table entry and metric modal","/?locale=en&view=analytics&variant=dataTable","Start your data table","true","screenshot_state_route_verified","Capture this exact screenshot-state and compare pixel/layout drift against the Amplitude source screenshot."
"104","chart-page-empty-table","Chart and data table entry","chart/data-table entry and metric modal","/?locale=en&view=analytics&variant=dataTable","Start your data table","true","screenshot_state_route_verified","Capture this exact screenshot-state and compare pixel/layout drift against the Amplitude source screenshot."
"105","funnel-analysis","Funnel analysis","funnel analysis family","/?locale=en&view=analytics","Funnel","true","screenshot_state_route_verified","Capture this exact screenshot-state and compare pixel/layout drift against the Amplitude source screenshot."
"106","funnel-analysis","Funnel analysis","funnel analysis family","/?locale=en&view=analytics","Funnel","true","screenshot_state_route_verified","Capture this exact screenshot-state and compare pixel/layout drift against the Amplitude source screenshot."
"107","funnel-analysis","Funnel analysis","funnel analysis family","/?locale=en&view=analytics","Funnel","true","screenshot_state_route_verified","Capture this exact screenshot-state and compare pixel/layout drift against the Amplitude source screenshot."
"108","funnel-analysis","Funnel analysis","funnel analysis family","/?locale=en&view=analytics","Funnel","true","screenshot_state_route_verified","Capture this exact screenshot-state and compare pixel/layout drift against the Amplitude source screenshot."
"109","funnel-analysis","Funnel analysis","funnel analysis family","/?locale=en&view=analytics","Funnel","true","screenshot_state_route_verified","Capture this exact screenshot-state and compare pixel/layout drift against the Amplitude source screenshot."
"110","funnel-analysis","Funnel analysis","funnel analysis family","/?locale=en&view=analytics","Funnel","true","screenshot_state_route_verified","Capture this exact screenshot-state and compare pixel/layout drift against the Amplitude source screenshot."
"111","funnel-analysis","Funnel analysis","funnel analysis family","/?locale=en&view=analytics","Funnel","true","screenshot_state_route_verified","Capture this exact screenshot-state and compare pixel/layout drift against the Amplitude source screenshot."
"112","data-table-and-metric","Data table and metric setup","data table and metric setup","/?locale=en&view=analytics&variant=dataTablePicker","Select or Define a Metric","true","screenshot_state_route_verified","Capture this exact screenshot-state and compare pixel/layout drift against the Amplitude source screenshot."
"113","data-table-and-metric","Data table and metric setup","data table and metric setup","/?locale=en&view=analytics&variant=dataTablePicker","Select or Define a Metric","true","screenshot_state_route_verified","Capture this exact screenshot-state and compare pixel/layout drift against the Amplitude source screenshot."
"114","data-table-and-metric","Data table and metric setup","data table and metric setup","/?locale=en&view=analytics&variant=dataTablePicker","Select or Define a Metric","true","screenshot_state_route_verified","Capture this exact screenshot-state and compare pixel/layout drift against the Amplitude source screenshot."
"115","data-table-and-metric","Data table and metric setup","metric definition modal empty","/?locale=en&view=analytics&variant=dataTable&modal=metricUntitled","Untitled metric","true","screenshot_state_route_verified","Capture this exact screenshot-state and compare pixel/layout drift against the Amplitude source screenshot."
"116","data-table-and-metric","Data table and metric setup","metric definition modal named","/?locale=en&view=analytics&variant=dataTable&modal=metricNamed","Sign ups per day","true","screenshot_state_route_verified","Capture this exact screenshot-state and compare pixel/layout drift against the Amplitude source screenshot."
"117","data-table-and-metric","Data table and metric setup","metric event picker modal","/?locale=en&view=analytics&variant=dataTable&modal=metricPicker","Any Active Event","true","screenshot_state_route_verified","Capture this exact screenshot-state and compare pixel/layout drift against the Amplitude source screenshot."
"118","data-table-and-metric","Data table and metric setup","metric preview modal","/?locale=en&view=analytics&variant=dataTable&modal=metricPreview","Current Uniques","true","screenshot_state_route_verified","Capture this exact screenshot-state and compare pixel/layout drift against the Amplitude source screenshot."
"119","data-table-and-metric","Data table and metric setup","data table and metric setup","/?locale=en&view=analytics&variant=dataTablePicker","Select or Define a Metric","true","screenshot_state_route_verified","Capture this exact screenshot-state and compare pixel/layout drift against the Amplitude source screenshot."
"120","data-table-heatmap","Data table heatmap","data table heatmap family","/?locale=en&view=analytics","Recommendations","true","screenshot_state_route_verified","Capture this exact screenshot-state and compare pixel/layout drift against the Amplitude source screenshot."
"121","data-table-heatmap","Data table heatmap","data table heatmap family","/?locale=en&view=analytics","Recommendations","true","screenshot_state_route_verified","Capture this exact screenshot-state and compare pixel/layout drift against the Amplitude source screenshot."
"122","data-table-heatmap","Data table heatmap","data table heatmap family","/?locale=en&view=analytics","Recommendations","true","screenshot_state_route_verified","Capture this exact screenshot-state and compare pixel/layout drift against the Amplitude source screenshot."
"123","data-table-heatmap","Data table heatmap","data table heatmap family","/?locale=en&view=analytics","Recommendations","true","screenshot_state_route_verified","Capture this exact screenshot-state and compare pixel/layout drift against the Amplitude source screenshot."
"124","data-table-heatmap","Data table heatmap","data table heatmap family","/?locale=en&view=analytics","Recommendations","true","screenshot_state_route_verified","Capture this exact screenshot-state and compare pixel/layout drift against the Amplitude source screenshot."
"125","data-table-heatmap","Data table heatmap","data table heatmap family","/?locale=en&view=analytics","Recommendations","true","screenshot_state_route_verified","Capture this exact screenshot-state and compare pixel/layout drift against the Amplitude source screenshot."
"126","data-table-heatmap","Data table heatmap","data table heatmap family","/?locale=en&view=analytics","Recommendations","true","screenshot_state_route_verified","Capture this exact screenshot-state and compare pixel/layout drift against the Amplitude source screenshot."
"127","data-table-heatmap","Data table heatmap","data table heatmap family","/?locale=en&view=analytics","Recommendations","true","screenshot_state_route_verified","Capture this exact screenshot-state and compare pixel/layout drift against the Amplitude source screenshot."
"128","data-table-heatmap","Data table heatmap","data table heatmap family","/?locale=en&view=analytics","Recommendations","true","screenshot_state_route_verified","Capture this exact screenshot-state and compare pixel/layout drift against the Amplitude source screenshot."
"129","data-table-heatmap","Data table heatmap","data table heatmap family","/?locale=en&view=analytics","Recommendations","true","screenshot_state_route_verified","Capture this exact screenshot-state and compare pixel/layout drift against the Amplitude source screenshot."
"130","data-table-heatmap","Data table heatmap","data table heatmap family","/?locale=en&view=analytics","Recommendations","true","screenshot_state_route_verified","Capture this exact screenshot-state and compare pixel/layout drift against the Amplitude source screenshot."
"131","data-table-heatmap","Data table heatmap","data table heatmap family","/?locale=en&view=analytics","Recommendations","true","screenshot_state_route_verified","Capture this exact screenshot-state and compare pixel/layout drift against the Amplitude source screenshot."
"132","data-table-heatmap","Data table heatmap","data table heatmap family","/?locale=en&view=analytics","Recommendations","true","screenshot_state_route_verified","Capture this exact screenshot-state and compare pixel/layout drift against the Amplitude source screenshot."
"133","data-table-heatmap","Data table heatmap","data table heatmap family","/?locale=en&view=analytics","Recommendations","true","screenshot_state_route_verified","Capture this exact screenshot-state and compare pixel/layout drift against the Amplitude source screenshot."
"134","data-table-heatmap","Data table heatmap","data table heatmap family","/?locale=en&view=analytics","Recommendations","true","screenshot_state_route_verified","Capture this exact screenshot-state and compare pixel/layout drift against the Amplitude source screenshot."
"135","data-table-heatmap","Data table heatmap","data table heatmap family","/?locale=en&view=analytics","Recommendations","true","screenshot_state_route_verified","Capture this exact screenshot-state and compare pixel/layout drift against the Amplitude source screenshot."
"136","data-table-heatmap","Data table heatmap","data table heatmap family","/?locale=en&view=analytics","Recommendations","true","screenshot_state_route_verified","Capture this exact screenshot-state and compare pixel/layout drift against the Amplitude source screenshot."
"137","retention-and-journeys","Retention and journey builder","retention and journey builder","/?locale=en&view=analytics","Journeys","true","screenshot_state_route_verified","Capture this exact screenshot-state and compare pixel/layout drift against the Amplitude source screenshot."
"138","retention-and-journeys","Retention and journey builder","retention and journey builder","/?locale=en&view=analytics","Journeys","true","screenshot_state_route_verified","Capture this exact screenshot-state and compare pixel/layout drift against the Amplitude source screenshot."
"139","retention-and-journeys","Retention and journey builder","retention and journey builder","/?locale=en&view=analytics","Journeys","true","screenshot_state_route_verified","Capture this exact screenshot-state and compare pixel/layout drift against the Amplitude source screenshot."
"140","retention-and-journeys","Retention and journey builder","retention and journey builder","/?locale=en&view=analytics","Journeys","true","screenshot_state_route_verified","Capture this exact screenshot-state and compare pixel/layout drift against the Amplitude source screenshot."
"141","retention-and-journeys","Retention and journey builder","retention and journey builder","/?locale=en&view=analytics","Journeys","true","screenshot_state_route_verified","Capture this exact screenshot-state and compare pixel/layout drift against the Amplitude source screenshot."
"142","retention-and-journeys","Retention and journey builder","retention and journey builder","/?locale=en&view=analytics","Journeys","true","screenshot_state_route_verified","Capture this exact screenshot-state and compare pixel/layout drift against the Amplitude source screenshot."
"143","retention-and-journeys","Retention and journey builder","retention and journey builder","/?locale=en&view=analytics","Journeys","true","screenshot_state_route_verified","Capture this exact screenshot-state and compare pixel/layout drift against the Amplitude source screenshot."
"144","retention-and-journeys","Retention and journey builder","retention and journey builder","/?locale=en&view=analytics","Journeys","true","screenshot_state_route_verified","Capture this exact screenshot-state and compare pixel/layout drift against the Amplitude source screenshot."
"145","retention-and-journeys","Retention and journey builder","retention and journey builder","/?locale=en&view=analytics","Journeys","true","screenshot_state_route_verified","Capture this exact screenshot-state and compare pixel/layout drift against the Amplitude source screenshot."
"146","retention-and-journeys","Retention and journey builder","retention and journey builder","/?locale=en&view=analytics","Journeys","true","screenshot_state_route_verified","Capture this exact screenshot-state and compare pixel/layout drift against the Amplitude source screenshot."
"147","retention-and-journeys","Retention and journey builder","retention and journey builder","/?locale=en&view=analytics","Journeys","true","screenshot_state_route_verified","Capture this exact screenshot-state and compare pixel/layout drift against the Amplitude source screenshot."
"148","dashboard-create","Dashboard builder","dashboard builder","/?locale=ko&view=dashboards","대시보드","true","screenshot_state_route_verified","Capture this exact screenshot-state and compare pixel/layout drift against the Amplitude source screenshot."
"149","dashboard-create","Dashboard builder","dashboard builder","/?locale=ko&view=dashboards","대시보드","true","screenshot_state_route_verified","Capture this exact screenshot-state and compare pixel/layout drift against the Amplitude source screenshot."
"150","dashboard-create","Dashboard builder","dashboard builder","/?locale=ko&view=dashboards","대시보드","true","screenshot_state_route_verified","Capture this exact screenshot-state and compare pixel/layout drift against the Amplitude source screenshot."
"151","dashboard-create","Dashboard builder","dashboard builder","/?locale=ko&view=dashboards","대시보드","true","screenshot_state_route_verified","Capture this exact screenshot-state and compare pixel/layout drift against the Amplitude source screenshot."
"152","dashboard-create","Dashboard builder","dashboard builder","/?locale=ko&view=dashboards","대시보드","true","screenshot_state_route_verified","Capture this exact screenshot-state and compare pixel/layout drift against the Amplitude source screenshot."
"153","dashboard-create","Dashboard builder","dashboard builder","/?locale=ko&view=dashboards","대시보드","true","screenshot_state_route_verified","Capture this exact screenshot-state and compare pixel/layout drift against the Amplitude source screenshot."
"154","dashboard-create","Dashboard builder","dashboard builder","/?locale=ko&view=dashboards","대시보드","true","screenshot_state_route_verified","Capture this exact screenshot-state and compare pixel/layout drift against the Amplitude source screenshot."
"155","dashboard-create","Dashboard builder","dashboard builder","/?locale=ko&view=dashboards","대시보드","true","screenshot_state_route_verified","Capture this exact screenshot-state and compare pixel/layout drift against the Amplitude source screenshot."
"156","dashboard-chart-report","Dashboard chart/report states","dashboard chart/report states","/?locale=ko&view=dashboards","Dashboard","true","screenshot_state_route_verified","Capture this exact screenshot-state and compare pixel/layout drift against the Amplitude source screenshot."
"157","dashboard-chart-report","Dashboard chart/report states","dashboard AI chart modal","/?locale=en&view=dashboards&modal=generateChart","Generate Chart with AI","true","screenshot_state_route_verified","Capture this exact screenshot-state and compare pixel/layout drift against the Amplitude source screenshot."
"158","dashboard-chart-report","Dashboard chart/report states","dashboard AI chart modal","/?locale=en&view=dashboards&modal=generateChart","Generate Chart with AI","true","screenshot_state_route_verified","Capture this exact screenshot-state and compare pixel/layout drift against the Amplitude source screenshot."
"159","dashboard-chart-report","Dashboard chart/report states","dashboard chart/report states","/?locale=ko&view=dashboards","Dashboard","true","screenshot_state_route_verified","Capture this exact screenshot-state and compare pixel/layout drift against the Amplitude source screenshot."
"160","dashboard-chart-report","Dashboard chart/report states","dashboard report subscription modal","/?locale=en&view=dashboards&modal=dashboardSubscribe","Subscribe to Dashboard Reports","true","screenshot_state_route_verified","Capture this exact screenshot-state and compare pixel/layout drift against the Amplitude source screenshot."
"161","dashboard-chart-report","Dashboard chart/report states","dashboard report subscription success modal","/?locale=en&view=dashboards&modal=dashboardSubscribeSuccess","Your schedules have been updated successfully","true","screenshot_state_route_verified","Capture this exact screenshot-state and compare pixel/layout drift against the Amplitude source screenshot."
"162","dashboard-templates","Dashboard templates and funnel dashboard","dashboard template states","/?locale=en&view=dashboards&variant=template","Template Preview","true","screenshot_state_route_verified","Capture this exact screenshot-state and compare pixel/layout drift against the Amplitude source screenshot."
"163","dashboard-templates","Dashboard templates and funnel dashboard","dashboard template states","/?locale=en&view=dashboards&variant=template","Template Preview","true","screenshot_state_route_verified","Capture this exact screenshot-state and compare pixel/layout drift against the Amplitude source screenshot."
"164","dashboard-templates","Dashboard templates and funnel dashboard","dashboard template states","/?locale=en&view=dashboards&variant=template","Template Preview","true","screenshot_state_route_verified","Capture this exact screenshot-state and compare pixel/layout drift against the Amplitude source screenshot."
"165","dashboard-templates","Dashboard templates and funnel dashboard","dashboard template states","/?locale=en&view=dashboards&variant=template","Template Preview","true","screenshot_state_route_verified","Capture this exact screenshot-state and compare pixel/layout drift against the Amplitude source screenshot."
"166","dashboard-templates","Dashboard templates and funnel dashboard","dashboard create modal","/?locale=en&view=dashboards&variant=template&modal=createDashboard","Create New Dashboard","true","screenshot_state_route_verified","Capture this exact screenshot-state and compare pixel/layout drift against the Amplitude source screenshot."
"167","dashboard-templates","Dashboard templates and funnel dashboard","dashboard template states","/?locale=en&view=dashboards&variant=template","Template Preview","true","screenshot_state_route_verified","Capture this exact screenshot-state and compare pixel/layout drift against the Amplitude source screenshot."
"168","notebooks","Notebook/report surface","notebook/report surface","/?locale=ko&view=dashboards","Notebooks","true","screenshot_state_route_verified","Capture this exact screenshot-state and compare pixel/layout drift against the Amplitude source screenshot."
"169","notebooks","Notebook/report surface","notebook/report surface","/?locale=ko&view=dashboards","Notebooks","true","screenshot_state_route_verified","Capture this exact screenshot-state and compare pixel/layout drift against the Amplitude source screenshot."
"170","notebooks","Notebook/report surface","notebook/report surface","/?locale=ko&view=dashboards","Notebooks","true","screenshot_state_route_verified","Capture this exact screenshot-state and compare pixel/layout drift against the Amplitude source screenshot."
"171","notebooks","Notebook/report surface","notebook/report surface","/?locale=ko&view=dashboards","Notebooks","true","screenshot_state_route_verified","Capture this exact screenshot-state and compare pixel/layout drift against the Amplitude source screenshot."
"172","notebooks","Notebook/report surface","notebook/report surface","/?locale=ko&view=dashboards","Notebooks","true","screenshot_state_route_verified","Capture this exact screenshot-state and compare pixel/layout drift against the Amplitude source screenshot."
"173","notebooks","Notebook/report surface","notebook/report surface","/?locale=ko&view=dashboards","Notebooks","true","screenshot_state_route_verified","Capture this exact screenshot-state and compare pixel/layout drift against the Amplitude source screenshot."
"174","notebooks","Notebook/report surface","notebook/report surface","/?locale=ko&view=dashboards","Notebooks","true","screenshot_state_route_verified","Capture this exact screenshot-state and compare pixel/layout drift against the Amplitude source screenshot."
"175","notebooks","Notebook/report surface","notebook/report surface","/?locale=ko&view=dashboards","Notebooks","true","screenshot_state_route_verified","Capture this exact screenshot-state and compare pixel/layout drift against the Amplitude source screenshot."
"176","all-content-initial","All content list","all content list","/?locale=ko&view=content","전체 콘텐츠","true","screenshot_state_route_verified","Capture this exact screenshot-state and compare pixel/layout drift against the Amplitude source screenshot."
"177","all-content-initial","All content list","all content list","/?locale=ko&view=content","전체 콘텐츠","true","screenshot_state_route_verified","Capture this exact screenshot-state and compare pixel/layout drift against the Amplitude source screenshot."
"178","all-content-initial","All content list","all content list","/?locale=ko&view=content","전체 콘텐츠","true","screenshot_state_route_verified","Capture this exact screenshot-state and compare pixel/layout drift against the Amplitude source screenshot."
"179","live-events","Live events","live events","/?locale=ko&view=profiles","이벤트 스트림","true","screenshot_state_route_verified","Capture this exact screenshot-state and compare pixel/layout drift against the Amplitude source screenshot."
"180","analysis-card-guidance","Guidance cards","analysis card guidance","/?locale=ko&view=ask","Guidance","true","screenshot_state_route_verified","Capture this exact screenshot-state and compare pixel/layout drift against the Amplitude source screenshot."
"181","analysis-card-guidance","Guidance cards","analysis card guidance","/?locale=ko&view=ask","Guidance","true","screenshot_state_route_verified","Capture this exact screenshot-state and compare pixel/layout drift against the Amplitude source screenshot."
"182","ask-ai","Ask AI","Ask AI answer state","/?locale=en&view=ask&variant=retention","Generated retention chart","true","screenshot_state_route_verified","Capture this exact screenshot-state and compare pixel/layout drift against the Amplitude source screenshot."
"183","ask-ai","Ask AI","Ask AI answer state","/?locale=en&view=ask&variant=retention","Generated retention chart","true","screenshot_state_route_verified","Capture this exact screenshot-state and compare pixel/layout drift against the Amplitude source screenshot."
"184","ask-ai","Ask AI","Ask AI answer state","/?locale=en&view=ask&variant=retention","Generated retention chart","true","screenshot_state_route_verified","Capture this exact screenshot-state and compare pixel/layout drift against the Amplitude source screenshot."
"185","ask-ai","Ask AI","Ask AI answer state","/?locale=en&view=ask&variant=retention","Generated retention chart","true","screenshot_state_route_verified","Capture this exact screenshot-state and compare pixel/layout drift against the Amplitude source screenshot."
"186","ask-ai","Ask AI","Ask AI answer state","/?locale=en&view=ask&variant=retention","Generated retention chart","true","screenshot_state_route_verified","Capture this exact screenshot-state and compare pixel/layout drift against the Amplitude source screenshot."
"187","ask-ai","Ask AI","Ask AI answer state","/?locale=en&view=ask&variant=retention","Generated retention chart","true","screenshot_state_route_verified","Capture this exact screenshot-state and compare pixel/layout drift against the Amplitude source screenshot."
"188","ask-ai","Ask AI","Ask feedback modal","/?locale=en&view=ask&variant=retention&modal=feedback","Were you satisfied with the response?","true","screenshot_state_route_verified","Capture this exact screenshot-state and compare pixel/layout drift against the Amplitude source screenshot."
"189","ask-ai","Ask AI","Ask feedback modal","/?locale=en&view=ask&variant=retention&modal=feedback","Were you satisfied with the response?","true","screenshot_state_route_verified","Capture this exact screenshot-state and compare pixel/layout drift against the Amplitude source screenshot."
"190","ask-ai","Ask AI","Ask feedback modal","/?locale=en&view=ask&variant=retention&modal=feedback","Were you satisfied with the response?","true","screenshot_state_route_verified","Capture this exact screenshot-state and compare pixel/layout drift against the Amplitude source screenshot."
"191","ask-ai","Ask AI","Ask AI answer state","/?locale=en&view=ask&variant=retention","Generated retention chart","true","screenshot_state_route_verified","Capture this exact screenshot-state and compare pixel/layout drift against the Amplitude source screenshot."
"192","product-overview","Product overview dashboard","product overview dashboard","/?locale=ko&view=home","Matter Analytics","true","screenshot_state_route_verified","Capture this exact screenshot-state and compare pixel/layout drift against the Amplitude source screenshot."
"193","product-overview","Product overview dashboard","product overview dashboard","/?locale=ko&view=home","Matter Analytics","true","screenshot_state_route_verified","Capture this exact screenshot-state and compare pixel/layout drift against the Amplitude source screenshot."
"194","product-overview","Product overview dashboard","product overview dashboard","/?locale=ko&view=home","Matter Analytics","true","screenshot_state_route_verified","Capture this exact screenshot-state and compare pixel/layout drift against the Amplitude source screenshot."
"195","product-overview","Product overview dashboard","product overview dashboard","/?locale=ko&view=home","Matter Analytics","true","screenshot_state_route_verified","Capture this exact screenshot-state and compare pixel/layout drift against the Amplitude source screenshot."
"196","user-profiles-list","User profiles list and cohort save","user profiles list","/?locale=en&view=profiles&variant=userList","Matching Profiles","true","screenshot_state_route_verified","Capture this exact screenshot-state and compare pixel/layout drift against the Amplitude source screenshot."
"197","user-profiles-list","User profiles list and cohort save","user profiles list","/?locale=en&view=profiles&variant=userList","Matching Profiles","true","screenshot_state_route_verified","Capture this exact screenshot-state and compare pixel/layout drift against the Amplitude source screenshot."
"198","user-profiles-list","User profiles list and cohort save","user profiles list","/?locale=en&view=profiles&variant=userList","Matching Profiles","true","screenshot_state_route_verified","Capture this exact screenshot-state and compare pixel/layout drift against the Amplitude source screenshot."
"199","user-profiles-list","User profiles list and cohort save","user profiles list","/?locale=en&view=profiles&variant=userList","Matching Profiles","true","screenshot_state_route_verified","Capture this exact screenshot-state and compare pixel/layout drift against the Amplitude source screenshot."
"200","user-profiles-list","User profiles list and cohort save","user profiles list","/?locale=en&view=profiles&variant=userList","Matching Profiles","true","screenshot_state_route_verified","Capture this exact screenshot-state and compare pixel/layout drift against the Amplitude source screenshot."
"201","user-profiles-list","User profiles list and cohort save","save cohort modal","/?locale=en&view=profiles&variant=userList&modal=saveCohort","No Current Location","true","screenshot_state_route_verified","Capture this exact screenshot-state and compare pixel/layout drift against the Amplitude source screenshot."
"202","user-profiles-list","User profiles list and cohort save","save cohort modal","/?locale=en&view=profiles&variant=userList&modal=saveCohort","No Current Location","true","screenshot_state_route_verified","Capture this exact screenshot-state and compare pixel/layout drift against the Amplitude source screenshot."
"203","user-profiles-list","User profiles list and cohort save","save cohort modal","/?locale=en&view=profiles&variant=userList&modal=saveCohort","Save","true","screenshot_state_route_verified","Capture this exact screenshot-state and compare pixel/layout drift against the Amplitude source screenshot."
"204","user-profiles-list","User profiles list and cohort save","save cohort modal","/?locale=en&view=profiles&variant=userList&modal=saveCohort","Save","true","screenshot_state_route_verified","Capture this exact screenshot-state and compare pixel/layout drift against the Amplitude source screenshot."
"205","user-profiles-list","User profiles list and cohort save","save cohort modal","/?locale=en&view=profiles&variant=userList&modal=saveCohort","Save","true","screenshot_state_route_verified","Capture this exact screenshot-state and compare pixel/layout drift against the Amplitude source screenshot."
"206","user-profiles-list","User profiles list and cohort save","user profiles list","/?locale=en&view=profiles&variant=userList","Matching Profiles","true","screenshot_state_route_verified","Capture this exact screenshot-state and compare pixel/layout drift against the Amplitude source screenshot."
"207","user-profile-detail","User profile detail","user profile detail","/?locale=ko&view=profiles","Raw 이벤트","true","screenshot_state_route_verified","Capture this exact screenshot-state and compare pixel/layout drift against the Amplitude source screenshot."
"208","user-profile-detail","User profile detail","user profile detail","/?locale=ko&view=profiles","Raw 이벤트","true","screenshot_state_route_verified","Capture this exact screenshot-state and compare pixel/layout drift against the Amplitude source screenshot."
"209","user-profile-detail","User profile detail","user profile detail","/?locale=ko&view=profiles","Raw 이벤트","true","screenshot_state_route_verified","Capture this exact screenshot-state and compare pixel/layout drift against the Amplitude source screenshot."
"210","cohorts-users","Cohorts and users","cohorts/users","/?locale=en&view=ask","Cohorts","true","screenshot_state_route_verified","Capture this exact screenshot-state and compare pixel/layout drift against the Amplitude source screenshot."
"211","cohorts-users","Cohorts and users","cohorts/users","/?locale=en&view=ask","Cohorts","true","screenshot_state_route_verified","Capture this exact screenshot-state and compare pixel/layout drift against the Amplitude source screenshot."
"212","cohorts-users","Cohorts and users","cohorts/users","/?locale=en&view=ask","Cohorts","true","screenshot_state_route_verified","Capture this exact screenshot-state and compare pixel/layout drift against the Amplitude source screenshot."
"213","session-replay","Session replay","session replay","/?locale=en&view=ask","Session Replay","true","screenshot_state_route_verified","Capture this exact screenshot-state and compare pixel/layout drift against the Amplitude source screenshot."
"214","session-replay","Session replay","session replay","/?locale=en&view=ask","Session Replay","true","screenshot_state_route_verified","Capture this exact screenshot-state and compare pixel/layout drift against the Amplitude source screenshot."
"215","session-replay","Session replay","session replay detail modal","/?locale=en&view=ask&modal=sessionReplay","Session Replays","true","screenshot_state_route_verified","Capture this exact screenshot-state and compare pixel/layout drift against the Amplitude source screenshot."
"216","experiments-overview","Experiments overview","experiments overview","/?locale=en&view=experiments&variant=overviewCards","Web experimentation","true","screenshot_state_route_verified","Capture this exact screenshot-state and compare pixel/layout drift against the Amplitude source screenshot."
"217","experiments-overview","Experiments overview","experiments overview","/?locale=en&view=experiments&variant=overviewCards","Web experimentation","true","screenshot_state_route_verified","Capture this exact screenshot-state and compare pixel/layout drift against the Amplitude source screenshot."
"218","experiments-overview","Experiments overview","experiments overview","/?locale=en&view=experiments&variant=overviewCards","Web experimentation","true","screenshot_state_route_verified","Capture this exact screenshot-state and compare pixel/layout drift against the Amplitude source screenshot."
"219","experiments-overview","Experiments overview","new web experiment blank modal","/?locale=en&view=experiments&variant=overviewCards&modal=newExperimentBlank","Name*","true","screenshot_state_route_verified","Capture this exact screenshot-state and compare pixel/layout drift against the Amplitude source screenshot."
"220","experiments-overview","Experiments overview","new web experiment filled modal","/?locale=en&view=experiments&variant=overviewCards&modal=newExperimentFilled","Targeted Page","true","screenshot_state_route_verified","Capture this exact screenshot-state and compare pixel/layout drift against the Amplitude source screenshot."
"221","experiments-overview","Experiments overview","new web experiment advanced modal","/?locale=en&view=experiments&variant=overviewCards&modal=newExperimentAdvanced","Multi-Armed Bandit","true","screenshot_state_route_verified","Capture this exact screenshot-state and compare pixel/layout drift against the Amplitude source screenshot."
"222","experiments-overview","Experiments overview","experiment opening-tab modal","/?locale=en&view=experiments&modal=openingTab","Opening a new tab","true","screenshot_state_route_verified","Capture this exact screenshot-state and compare pixel/layout drift against the Amplitude source screenshot."
"223","experiment-builder","Experiment builder","experiment builder/rollout confirmation","/?locale=en&view=experiments&variant=builder","Targeting","true","screenshot_state_route_verified","Capture this exact screenshot-state and compare pixel/layout drift against the Amplitude source screenshot."
"224","experiment-builder","Experiment builder","experiment setup site drawer","/?locale=en&view=experiments&variant=expSiteSetup","Script tag detected","true","screenshot_state_route_verified","Capture this exact screenshot-state and compare pixel/layout drift against the Amplitude source screenshot."
"225","experiment-builder","Experiment builder","experiment setup variants drawer","/?locale=en&view=experiments&variant=expVariantsDrawer","Set up your variants","true","screenshot_state_route_verified","Capture this exact screenshot-state and compare pixel/layout drift against the Amplitude source screenshot."
"226","experiment-builder","Experiment builder","experiment visual editor action modal","/?locale=en&view=experiments&variant=expActionModal","Apply an action to this variant","true","screenshot_state_route_verified","Capture this exact screenshot-state and compare pixel/layout drift against the Amplitude source screenshot."
"227","experiment-builder","Experiment builder","experiment builder/rollout confirmation","/?locale=en&view=experiments&variant=builder","Targeting","true","screenshot_state_route_verified","Capture this exact screenshot-state and compare pixel/layout drift against the Amplitude source screenshot."
"228","experiment-builder","Experiment builder","experiment visual editor property panel","/?locale=en&view=experiments&variant=expVisualEditor","Selector","true","screenshot_state_route_verified","Capture this exact screenshot-state and compare pixel/layout drift against the Amplitude source screenshot."
"229","experiment-builder","Experiment builder","experiment builder/rollout confirmation","/?locale=en&view=experiments&variant=builder","Targeting","true","screenshot_state_route_verified","Capture this exact screenshot-state and compare pixel/layout drift against the Amplitude source screenshot."
"230","experiment-builder","Experiment builder","experiment builder/rollout confirmation","/?locale=en&view=experiments&variant=builder","Targeting","true","screenshot_state_route_verified","Capture this exact screenshot-state and compare pixel/layout drift against the Amplitude source screenshot."
"231","experiment-builder","Experiment builder","experiment builder/rollout confirmation","/?locale=en&view=experiments&variant=builder","Targeting","true","screenshot_state_route_verified","Capture this exact screenshot-state and compare pixel/layout drift against the Amplitude source screenshot."
"232","experiment-builder","Experiment builder","experiment visual editor adding variants","/?locale=en&view=experiments&variant=expAdding","Adding variants to your experiment","true","screenshot_state_route_verified","Capture this exact screenshot-state and compare pixel/layout drift against the Amplitude source screenshot."
"233","experiment-builder","Experiment builder","experiment builder/rollout confirmation","/?locale=en&view=experiments&variant=builder","Targeting","true","screenshot_state_route_verified","Capture this exact screenshot-state and compare pixel/layout drift against the Amplitude source screenshot."
"234","experiment-builder","Experiment builder","experiment setup goals draft drawer","/?locale=en&view=experiments&variant=expGoalsDraft","Enable Recommendation","true","screenshot_state_route_verified","Capture this exact screenshot-state and compare pixel/layout drift against the Amplitude source screenshot."
"235","experiment-builder","Experiment builder","experiment setup goals configured drawer","/?locale=en&view=experiments&variant=expGoalsConfigured","Sign up interest","true","screenshot_state_route_verified","Capture this exact screenshot-state and compare pixel/layout drift against the Amplitude source screenshot."
"236","experiment-builder","Experiment builder","experiment setup delivery drawer","/?locale=en&view=experiments&variant=expDelivery","Delivery Options","true","screenshot_state_route_verified","Capture this exact screenshot-state and compare pixel/layout drift against the Amplitude source screenshot."
"237","experiment-builder","Experiment builder","experiment builder/rollout confirmation","/?locale=en&view=experiments&variant=builder","Targeting","true","screenshot_state_route_verified","Capture this exact screenshot-state and compare pixel/layout drift against the Amplitude source screenshot."
"238","experiment-builder","Experiment builder","experiment start confirmation modal","/?locale=en&view=experiments&variant=expStartModal","Start Experiment","true","screenshot_state_route_verified","Capture this exact screenshot-state and compare pixel/layout drift against the Amplitude source screenshot."
"239","experiment-builder","Experiment builder","experiment detail settings","/?locale=en&view=experiments&variant=expDetailSettings","Targeting","true","screenshot_state_route_verified","Capture this exact screenshot-state and compare pixel/layout drift against the Amplitude source screenshot."
"240","experiment-builder","Experiment builder","experiment detail activity","/?locale=en&view=experiments&variant=expDetailActivity","Data Quality","true","screenshot_state_route_verified","Capture this exact screenshot-state and compare pixel/layout drift against the Amplitude source screenshot."
"241","resources-and-external-preview","Resources and external preview","resources and external preview","/?locale=ko&view=content","리소스","true","screenshot_state_route_verified","Capture this exact screenshot-state and compare pixel/layout drift against the Amplitude source screenshot."
"242","resources-and-external-preview","Resources and external preview","resources and external preview","/?locale=ko&view=content","리소스","true","screenshot_state_route_verified","Capture this exact screenshot-state and compare pixel/layout drift against the Amplitude source screenshot."
"243","resources-and-external-preview","Resources and external preview","resources and external preview","/?locale=ko&view=content","리소스","true","screenshot_state_route_verified","Capture this exact screenshot-state and compare pixel/layout drift against the Amplitude source screenshot."
"244","resources-and-external-preview","Resources and external preview","visual labeling launch modal","/?locale=en&view=content&modal=visualLabelingLaunch","Launch Visual Labeling","true","screenshot_state_route_verified","Capture this exact screenshot-state and compare pixel/layout drift against the Amplitude source screenshot."
"245","resources-and-external-preview","Resources and external preview","resources and external preview","/?locale=ko&view=content","리소스","true","screenshot_state_route_verified","Capture this exact screenshot-state and compare pixel/layout drift against the Amplitude source screenshot."
"246","resources-and-external-preview","Resources and external preview","resources and external preview","/?locale=ko&view=content","리소스","true","screenshot_state_route_verified","Capture this exact screenshot-state and compare pixel/layout drift against the Amplitude source screenshot."
"247","resources-and-external-preview","Resources and external preview","resources and external preview","/?locale=ko&view=content","리소스","true","screenshot_state_route_verified","Capture this exact screenshot-state and compare pixel/layout drift against the Amplitude source screenshot."
"248","resources-and-external-preview","Resources and external preview","resources and external preview","/?locale=ko&view=content","리소스","true","screenshot_state_route_verified","Capture this exact screenshot-state and compare pixel/layout drift against the Amplitude source screenshot."
"249","data-connections-catalog","Data, connections, catalog","data connections/catalog settings","/?locale=ko&view=admin","조직 설정","true","screenshot_state_route_verified","Capture this exact screenshot-state and compare pixel/layout drift against the Amplitude source screenshot."
"250","data-connections-catalog","Data, connections, catalog","data connections/catalog settings","/?locale=ko&view=admin","조직 설정","true","screenshot_state_route_verified","Capture this exact screenshot-state and compare pixel/layout drift against the Amplitude source screenshot."
"251","data-connections-catalog","Data, connections, catalog","data connections/catalog settings","/?locale=ko&view=admin","조직 설정","true","screenshot_state_route_verified","Capture this exact screenshot-state and compare pixel/layout drift against the Amplitude source screenshot."
"252","data-connections-catalog","Data, connections, catalog","data connections/catalog settings","/?locale=ko&view=admin","조직 설정","true","screenshot_state_route_verified","Capture this exact screenshot-state and compare pixel/layout drift against the Amplitude source screenshot."
"253","flags-and-content","Feature flags and content","flags and content","/?locale=ko&view=content","기능 플래그","true","screenshot_state_route_verified","Capture this exact screenshot-state and compare pixel/layout drift against the Amplitude source screenshot."
"254","flags-and-content","Feature flags and content","flags and content","/?locale=ko&view=content","기능 플래그","true","screenshot_state_route_verified","Capture this exact screenshot-state and compare pixel/layout drift against the Amplitude source screenshot."
"255","flags-and-content","Feature flags and content","flags and content","/?locale=ko&view=content","기능 플래그","true","screenshot_state_route_verified","Capture this exact screenshot-state and compare pixel/layout drift against the Amplitude source screenshot."
"256","flags-and-content","Feature flags and content","flags and content","/?locale=ko&view=content","기능 플래그","true","screenshot_state_route_verified","Capture this exact screenshot-state and compare pixel/layout drift against the Amplitude source screenshot."
"257","flags-and-content","Feature flags and content","flags and content","/?locale=ko&view=content","기능 플래그","true","screenshot_state_route_verified","Capture this exact screenshot-state and compare pixel/layout drift against the Amplitude source screenshot."
"258","flags-and-content","Feature flags and content","flags and content","/?locale=ko&view=content","기능 플래그","true","screenshot_state_route_verified","Capture this exact screenshot-state and compare pixel/layout drift against the Amplitude source screenshot."
"259","flags-and-content","Feature flags and content","flags and content","/?locale=ko&view=content","기능 플래그","true","screenshot_state_route_verified","Capture this exact screenshot-state and compare pixel/layout drift against the Amplitude source screenshot."
"260","flags-and-content","Feature flags and content","flags and content","/?locale=ko&view=content","기능 플래그","true","screenshot_state_route_verified","Capture this exact screenshot-state and compare pixel/layout drift against the Amplitude source screenshot."
"261","flags-and-content","Feature flags and content","all-content archive confirmation modal","/?locale=en&view=content&modal=archive","Archive 2 items?","true","screenshot_state_route_verified","Capture this exact screenshot-state and compare pixel/layout drift against the Amplitude source screenshot."
"262","flags-and-content","Feature flags and content","flags and content","/?locale=ko&view=content","기능 플래그","true","screenshot_state_route_verified","Capture this exact screenshot-state and compare pixel/layout drift against the Amplitude source screenshot."
"263","flags-and-content","Feature flags and content","flags and content","/?locale=ko&view=content","기능 플래그","true","screenshot_state_route_verified","Capture this exact screenshot-state and compare pixel/layout drift against the Amplitude source screenshot."
"264","flags-and-content","Feature flags and content","flags and content","/?locale=ko&view=content","기능 플래그","true","screenshot_state_route_verified","Capture this exact screenshot-state and compare pixel/layout drift against the Amplitude source screenshot."
"265","global-search","Global search","global search","/?locale=ko&view=home&query=atlas","Search ""atlas""","true","screenshot_state_route_verified","Capture this exact screenshot-state and compare pixel/layout drift against the Amplitude source screenshot."
"266","global-search","Global search","global search","/?locale=ko&view=home&query=atlas","Search ""atlas""","true","screenshot_state_route_verified","Capture this exact screenshot-state and compare pixel/layout drift against the Amplitude source screenshot."
"267","global-search","Global search","global search","/?locale=ko&view=home&query=atlas","Search ""atlas""","true","screenshot_state_route_verified","Capture this exact screenshot-state and compare pixel/layout drift against the Amplitude source screenshot."
"268","invite-teammates","Invite teammates","invite teammates modal","/?locale=ko&view=admin&modal=invite","멤버 초대","true","screenshot_state_route_verified","Capture this exact screenshot-state and compare pixel/layout drift against the Amplitude source screenshot."
"269","invite-teammates","Invite teammates","invite teammates modal","/?locale=ko&view=admin&modal=invite","멤버 초대","true","screenshot_state_route_verified","Capture this exact screenshot-state and compare pixel/layout drift against the Amplitude source screenshot."
"270","invite-teammates","Invite teammates","invite teammates modal","/?locale=ko&view=admin&modal=invite","멤버 초대","true","screenshot_state_route_verified","Capture this exact screenshot-state and compare pixel/layout drift against the Amplitude source screenshot."
"271","invite-teammates","Invite teammates","invite teammates modal","/?locale=ko&view=admin&modal=invite","멤버 초대","true","screenshot_state_route_verified","Capture this exact screenshot-state and compare pixel/layout drift against the Amplitude source screenshot."
"272","notifications","Notifications","notifications settings","/?locale=ko&view=admin","Notifications","true","screenshot_state_route_verified","Capture this exact screenshot-state and compare pixel/layout drift against the Amplitude source screenshot."
"273","notifications","Notifications","notifications settings","/?locale=ko&view=admin","Notifications","true","screenshot_state_route_verified","Capture this exact screenshot-state and compare pixel/layout drift against the Amplitude source screenshot."
"274","notifications","Notifications","notifications settings","/?locale=ko&view=admin","Notifications","true","screenshot_state_route_verified","Capture this exact screenshot-state and compare pixel/layout drift against the Amplitude source screenshot."
"275","billing-plan","Billing and plan","billing and plan","/?locale=ko&view=admin","요금제와 사용량","true","screenshot_state_route_verified","Capture this exact screenshot-state and compare pixel/layout drift against the Amplitude source screenshot."
"276","billing-plan","Billing and plan","billing and plan","/?locale=ko&view=admin","요금제와 사용량","true","screenshot_state_route_verified","Capture this exact screenshot-state and compare pixel/layout drift against the Amplitude source screenshot."
"277","billing-plan","Billing and plan","billing and plan","/?locale=ko&view=admin","요금제와 사용량","true","screenshot_state_route_verified","Capture this exact screenshot-state and compare pixel/layout drift against the Amplitude source screenshot."
"278","billing-plan","Billing and plan","billing and plan","/?locale=ko&view=admin","요금제와 사용량","true","screenshot_state_route_verified","Capture this exact screenshot-state and compare pixel/layout drift against the Amplitude source screenshot."
"279","billing-plan","Billing and plan","billing and plan","/?locale=ko&view=admin","요금제와 사용량","true","screenshot_state_route_verified","Capture this exact screenshot-state and compare pixel/layout drift against the Amplitude source screenshot."
"280","billing-plan","Billing and plan","billing and plan","/?locale=ko&view=admin","요금제와 사용량","true","screenshot_state_route_verified","Capture this exact screenshot-state and compare pixel/layout drift against the Amplitude source screenshot."
"281","billing-plan","Billing and plan","billing and plan","/?locale=ko&view=admin","요금제와 사용량","true","screenshot_state_route_verified","Capture this exact screenshot-state and compare pixel/layout drift against the Amplitude source screenshot."
"282","team-members","Team members","team members","/?locale=en&view=admin","Team Members","true","screenshot_state_route_verified","Capture this exact screenshot-state and compare pixel/layout drift against the Amplitude source screenshot."
"283","team-members","Team members","team member remove confirmation modal","/?locale=en&view=admin&modal=remove","Remove 1 team member?","true","screenshot_state_route_verified","Capture this exact screenshot-state and compare pixel/layout drift against the Amplitude source screenshot."
"284","team-members","Team members","team member remove confirmation modal","/?locale=en&view=admin&modal=remove","Transfer content from Alex Smith to:","true","screenshot_state_route_verified","Capture this exact screenshot-state and compare pixel/layout drift against the Amplitude source screenshot."
"285","team-members","Team members","team member remove confirmation modal","/?locale=en&view=admin&modal=remove","Transfer content from Alex Smith to:","true","screenshot_state_route_verified","Capture this exact screenshot-state and compare pixel/layout drift against the Amplitude source screenshot."
"286","team-members","Team members","team members","/?locale=en&view=admin","Team Members","true","screenshot_state_route_verified","Capture this exact screenshot-state and compare pixel/layout drift against the Amplitude source screenshot."
"287","profile-settings","Profile settings","profile settings","/?locale=en&view=admin&variant=profile","Personal Information","true","screenshot_state_route_verified","Capture this exact screenshot-state and compare pixel/layout drift against the Amplitude source screenshot."
"288","profile-settings","Profile settings","profile settings","/?locale=en&view=admin&variant=profile","Personal Information","true","screenshot_state_route_verified","Capture this exact screenshot-state and compare pixel/layout drift against the Amplitude source screenshot."
"289","profile-settings","Profile settings","profile settings","/?locale=en&view=admin&variant=profile","Personal Information","true","screenshot_state_route_verified","Capture this exact screenshot-state and compare pixel/layout drift against the Amplitude source screenshot."
"290","profile-settings","Profile settings","profile photo modal","/?locale=en&view=admin&variant=profile&modal=profilePicture","Profile Picture","true","screenshot_state_route_verified","Capture this exact screenshot-state and compare pixel/layout drift against the Amplitude source screenshot."
"291","profile-settings","Profile settings","profile photo modal","/?locale=en&view=admin&variant=profile&modal=profilePicture","Profile Picture","true","screenshot_state_route_verified","Capture this exact screenshot-state and compare pixel/layout drift against the Amplitude source screenshot."
"292","profile-settings","Profile settings","profile settings","/?locale=en&view=admin&variant=profile","Personal Information","true","screenshot_state_route_verified","Capture this exact screenshot-state and compare pixel/layout drift against the Amplitude source screenshot."
"293","feedback","Feedback widgets","feedback rating widget","/?locale=en&view=home&variant=feedbackStars","How would you rate your experience","true","screenshot_state_route_verified","Capture this exact screenshot-state and compare pixel/layout drift against the Amplitude source screenshot."
"294","feedback","Feedback widgets","feedback text widget","/?locale=en&view=home&variant=feedbackComment","Anything else to add?","true","screenshot_state_route_verified","Capture this exact screenshot-state and compare pixel/layout drift against the Amplitude source screenshot."
"295","feedback","Feedback widgets","feedback text widget filled","/?locale=en&view=home&variant=feedbackFilled","Show me mouse clicks","true","screenshot_state_route_verified","Capture this exact screenshot-state and compare pixel/layout drift against the Amplitude source screenshot."
"296","feedback","Feedback widgets","feedback thanks widget","/?locale=en&view=home&variant=feedbackThanks","Thank you for your feedback","true","screenshot_state_route_verified","Capture this exact screenshot-state and compare pixel/layout drift against the Amplitude source screenshot."
"297","theme-dark-mode","Theme and dark mode","theme preferences modal","/?locale=en&view=home&modal=themePreferences","Theme Preferences","true","screenshot_state_route_verified","Capture this exact screenshot-state and compare pixel/layout drift against the Amplitude source screenshot."
"298","theme-dark-mode","Theme and dark mode","theme and dark mode","/?locale=en&theme=dark&view=dark","Theme Preferences","true","screenshot_state_route_verified","Capture this exact screenshot-state and compare pixel/layout drift against the Amplitude source screenshot."
"299","theme-dark-mode","Theme and dark mode","theme and dark mode","/?locale=en&theme=dark&view=dark","Theme Preferences","true","screenshot_state_route_verified","Capture this exact screenshot-state and compare pixel/layout drift against the Amplitude source screenshot."
"300","theme-dark-mode","Theme and dark mode","dark-shell bright dashboard templates grid","/?locale=en&theme=dark&view=dark&variant=darkTemplates","Dashboard Templates","true","screenshot_state_route_verified","Capture this exact screenshot-state and compare pixel/layout drift against the Amplitude source screenshot."
"301","theme-dark-mode","Theme and dark mode","theme and dark mode","/?locale=en&theme=dark&view=dark","Theme Preferences","true","screenshot_state_route_verified","Capture this exact screenshot-state and compare pixel/layout drift against the Amplitude source screenshot."
"302","theme-dark-mode","Theme and dark mode","theme and dark mode","/?locale=en&theme=dark&view=dark","Theme Preferences","true","screenshot_state_route_verified","Capture this exact screenshot-state and compare pixel/layout drift against the Amplitude source screenshot."
"303","auth-returning-user","Auth returning user","returning user auth","/?locale=en&view=auth&authStep=login","Log in to matter","true","screenshot_state_route_verified","Capture this exact screenshot-state and compare pixel/layout drift against the Amplitude source screenshot."
"304","auth-returning-user","Auth returning user","returning user auth","/?locale=en&view=auth&authStep=login","Log in to matter","true","screenshot_state_route_verified","Capture this exact screenshot-state and compare pixel/layout drift against the Amplitude source screenshot."
"305","auth-returning-user","Auth returning user","returning user auth","/?locale=en&view=auth&authStep=login","Log in to matter","true","screenshot_state_route_verified","Capture this exact screenshot-state and compare pixel/layout drift against the Amplitude source screenshot."
"306","auth-returning-user","Auth returning user","returning user auth","/?locale=en&view=auth&authStep=login","Log in to matter","true","screenshot_state_route_verified","Capture this exact screenshot-state and compare pixel/layout drift against the Amplitude source screenshot."
"307","auth-returning-user","Auth returning user","returning user auth","/?locale=en&view=auth&authStep=login","Log in to matter","true","screenshot_state_route_verified","Capture this exact screenshot-state and compare pixel/layout drift against the Amplitude source screenshot."
"308","auth-returning-user","Auth returning user","returning user auth","/?locale=en&view=auth&authStep=login","Log in to matter","true","screenshot_state_route_verified","Capture this exact screenshot-state and compare pixel/layout drift against the Amplitude source screenshot."
"309","auth-returning-user","Auth returning user","returning user auth","/?locale=en&view=auth&authStep=login","Log in to matter","true","screenshot_state_route_verified","Capture this exact screenshot-state and compare pixel/layout drift against the Amplitude source screenshot."
"310","auth-returning-user","Auth returning user","returning user auth","/?locale=en&view=auth&authStep=login","Log in to matter","true","screenshot_state_route_verified","Capture this exact screenshot-state and compare pixel/layout drift against the Amplitude source screenshot."
"311","auth-returning-user","Auth returning user","returning user auth","/?locale=en&view=auth&authStep=login","Log in to matter","true","screenshot_state_route_verified","Capture this exact screenshot-state and compare pixel/layout drift against the Amplitude source screenshot."
"312","auth-returning-user","Auth returning user","returning user auth","/?locale=en&view=auth&authStep=login","Log in to matter","true","screenshot_state_route_verified","Capture this exact screenshot-state and compare pixel/layout drift against the Amplitude source screenshot."
"313","auth-returning-user","Auth returning user","returning user auth","/?locale=en&view=auth&authStep=login","Log in to matter","true","screenshot_state_route_verified","Capture this exact screenshot-state and compare pixel/layout drift against the Amplitude source screenshot."
"314","auth-returning-user","Auth returning user","returning user auth","/?locale=en&view=auth&authStep=login","Log in to matter","true","screenshot_state_route_verified","Capture this exact screenshot-state and compare pixel/layout drift against the Amplitude source screenshot."
"315","auth-returning-user","Auth returning user","returning user auth","/?locale=en&view=auth&authStep=login","Log in to matter","true","screenshot_state_route_verified","Capture this exact screenshot-state and compare pixel/layout drift against the Amplitude source screenshot."
"316","auth-returning-user","Auth returning user","returning user auth","/?locale=en&view=auth&authStep=login","Log in to matter","true","screenshot_state_route_verified","Capture this exact screenshot-state and compare pixel/layout drift against the Amplitude source screenshot."
"317","auth-returning-user","Auth returning user","returning user auth","/?locale=en&view=auth&authStep=login","Log in to matter","true","screenshot_state_route_verified","Capture this exact screenshot-state and compare pixel/layout drift against the Amplitude source screenshot."
