tuw_id,gate,pr_wave,priority,repo_status,implementation_gate,loop_stream,target_files,evidence_path
"MV-G0-W00-T001","MV-G0","PR-01","P0","implemented_literal_closed","closed_by_loop_hardening","MV-H1-crosswalk-boundary","docs/reorganization/client-matter-os/matter-vault-r4/ownership.md","docs/reorganization/client-matter-os/matter-vault-r4/evidence/mv-g0-w00-t001.md"
"MV-G0-W00-T002","MV-G0","PR-01","P0","implemented_literal_closed","closed_by_loop_hardening","MV-H1-crosswalk-boundary","packages/matter/src/matter-vault-link.js","docs/reorganization/client-matter-os/matter-vault-r4/evidence/mv-g0-w00-t002.md"
"MV-G0-W00-T003","MV-G0","PR-01","P0","implemented_literal_closed","closed_by_loop_hardening","MV-H1-crosswalk-boundary","docs/adr/matter-vault-boundary.md","docs/reorganization/client-matter-os/matter-vault-r4/evidence/mv-g0-w00-t003.md"
"MV-G0-W00-T004","MV-G0","PR-01","P0","implemented_literal_closed","closed_by_loop_hardening","MV-H1-crosswalk-boundary","scripts/audit-matter-vault-r4-blockers.mjs","docs/reorganization/client-matter-os/matter-vault-r4/evidence/mv-g0-w00-t004.md"
"MV-G0-W00-T005","MV-G0","PR-01","P0","implemented_literal_closed","closed_by_loop_hardening","MV-H1-crosswalk-boundary","docs/reorganization/client-matter-os/module-boundary.md","docs/reorganization/client-matter-os/matter-vault-r4/evidence/mv-g0-w00-t005.md"
"MV-G0-W00-T006","MV-G0","PR-01","P0","implemented_literal_closed","closed_by_loop_hardening","MV-H1-crosswalk-boundary","docs/reorganization/client-matter-os/matter-vault-r4/api-matrix.md","docs/reorganization/client-matter-os/matter-vault-r4/evidence/mv-g0-w00-t006.md"
"MV-G0-W00-T007","MV-G0","PR-01","P0","implemented_literal_closed","closed_by_loop_hardening","MV-H1-crosswalk-boundary","docs/reorganization/client-matter-os/matter-vault-r4/event-taxonomy.md","docs/reorganization/client-matter-os/matter-vault-r4/evidence/mv-g0-w00-t007.md"
"MV-G0-W00-T008","MV-G0","PR-01","P1","implemented_literal_closed","closed_by_loop_hardening","MV-H1-crosswalk-boundary","docs/reorganization/client-matter-os/matter-vault-r4/ui-ia.md","docs/reorganization/client-matter-os/matter-vault-r4/evidence/mv-g0-w00-t008.md"
"MV-G0-W00-T009","MV-G0","PR-01","P1","implemented_literal_closed","closed_by_loop_hardening","MV-H1-crosswalk-boundary",".github/pull_request_template.md","docs/reorganization/client-matter-os/matter-vault-r4/evidence/mv-g0-w00-t009.md"
"MV-G0-W00-T010","MV-G0","PR-01","P1","implemented_literal_closed","closed_by_loop_hardening","MV-H1-crosswalk-boundary","docs/reorganization/client-matter-os/matter-vault-r4/g0-closeout.md","docs/reorganization/client-matter-os/matter-vault-r4/evidence/mv-g0-w00-t010.md"
"MV-G1-W01-T001","MV-G1","PR-02","P0","implemented_literal_closed","closed_by_loop_hardening","MV-H2-persistence-target-mapping","packages/platform/src/persistence/repository.js","docs/reorganization/client-matter-os/matter-vault-r4/evidence/mv-g1-w01-t001.md"
"MV-G1-W01-T002","MV-G1","PR-02","P0","implemented_literal_closed","closed_by_loop_hardening","MV-H2-persistence-target-mapping","packages/platform/src/persistence/migration-runner.js","docs/reorganization/client-matter-os/matter-vault-r4/evidence/mv-g1-w01-t002.md"
"MV-G1-W01-T003","MV-G1","PR-02","P0","implemented_literal_closed","closed_by_loop_hardening","MV-H2-persistence-target-mapping","packages/platform/src/persistence/unit-of-work.js","docs/reorganization/client-matter-os/matter-vault-r4/evidence/mv-g1-w01-t003.md"
"MV-G1-W01-T004","MV-G1","PR-02","P0","implemented_literal_closed","closed_by_loop_hardening","MV-H2-persistence-target-mapping","packages/platform/src/persistence/idempotency-store.js","docs/reorganization/client-matter-os/matter-vault-r4/evidence/mv-g1-w01-t004.md"
"MV-G1-W01-T005","MV-G1","PR-02","P0","implemented_literal_closed","closed_by_loop_hardening","MV-H2-persistence-target-mapping","packages/platform/src/persistence/outbox.js","docs/reorganization/client-matter-os/matter-vault-r4/evidence/mv-g1-w01-t005.md"
"MV-G1-W01-T006","MV-G1","PR-02","P0","implemented_literal_closed","closed_by_loop_hardening","MV-H2-persistence-target-mapping","packages/platform/migrations/001_matter_vault_core.sql","docs/reorganization/client-matter-os/matter-vault-r4/evidence/mv-g1-w01-t006.md"
"MV-G1-W01-T007","MV-G1","PR-02","P0","implemented_literal_closed","closed_by_loop_hardening","MV-H2-persistence-target-mapping","packages/platform/src/persistence/seed-mode.js","docs/reorganization/client-matter-os/matter-vault-r4/evidence/mv-g1-w01-t007.md"
"MV-G1-W01-T008","MV-G1","PR-02","P1","implemented_literal_closed","closed_by_loop_hardening","MV-H2-persistence-target-mapping","packages/platform/test/transaction-rollback.test.js","docs/reorganization/client-matter-os/matter-vault-r4/evidence/mv-g1-w01-t008.md"
"MV-G1-W01-T009","MV-G1","PR-02","P1","implemented_literal_closed","closed_by_loop_hardening","MV-H2-persistence-target-mapping","scripts/audit-no-in-memory-production.mjs","docs/reorganization/client-matter-os/matter-vault-r4/evidence/mv-g1-w01-t009.md"
"MV-G1-W01-T010","MV-G1","PR-02","P1","implemented_literal_closed","closed_by_loop_hardening","MV-H2-persistence-target-mapping","apps/api/src/runtime-factory.js","docs/reorganization/client-matter-os/matter-vault-r4/evidence/mv-g1-w01-t010.md"
"MV-G1-W01-T011","MV-G1","PR-02","P1","implemented_literal_closed","closed_by_loop_hardening","MV-H2-persistence-target-mapping","apps/api/test/matter-vault-persistence.test.js","docs/reorganization/client-matter-os/matter-vault-r4/evidence/mv-g1-w01-t011.md"
"MV-G1-W01-T012","MV-G1","PR-02","P1","implemented_literal_closed","closed_by_loop_hardening","MV-H2-persistence-target-mapping","docs/reorganization/client-matter-os/matter-vault-r4/persistence-report.md","docs/reorganization/client-matter-os/matter-vault-r4/evidence/mv-g1-w01-t012.md"
"MV-G2-W02-T001","MV-G2","PR-03/04","P0","implemented_literal_closed","closed_by_loop_hardening","MV-H3-opening-api-hardening","packages/matter/src/matter-vault-link-repository.js","docs/reorganization/client-matter-os/matter-vault-r4/evidence/mv-g2-w02-t001.md"
"MV-G2-W02-T002","MV-G2","PR-03/04","P0","implemented_literal_closed","closed_by_loop_hardening","MV-H3-opening-api-hardening","packages/matter/src/matter-opening-orchestrator.js","docs/reorganization/client-matter-os/matter-vault-r4/evidence/mv-g2-w02-t002.md"
"MV-G2-W02-T003","MV-G2","PR-03/04","P0","implemented_literal_closed","closed_by_loop_hardening","MV-H3-opening-api-hardening","packages/matter/src/matter-opening-service.js","docs/reorganization/client-matter-os/matter-vault-r4/evidence/mv-g2-w02-t003.md"
"MV-G2-W02-T004","MV-G2","PR-03/04","P0","implemented_literal_closed","closed_by_loop_hardening","MV-H3-opening-api-hardening","packages/dms/src/vault-workspace-service.js","docs/reorganization/client-matter-os/matter-vault-r4/evidence/mv-g2-w02-t004.md"
"MV-G2-W02-T005","MV-G2","PR-03/04","P0","implemented_literal_closed","closed_by_loop_hardening","MV-H3-opening-api-hardening","packages/dms/src/folder-template-service.js","docs/reorganization/client-matter-os/matter-vault-r4/evidence/mv-g2-w02-t005.md"
"MV-G2-W02-T006","MV-G2","PR-03/04","P0","implemented_literal_closed","closed_by_loop_hardening","MV-H3-opening-api-hardening","packages/authz/src/matter-permission-envelope.js","docs/reorganization/client-matter-os/matter-vault-r4/evidence/mv-g2-w02-t006.md"
"MV-G2-W02-T007","MV-G2","PR-03/04","P0","implemented_literal_closed","closed_by_loop_hardening","MV-H3-opening-api-hardening","packages/matter/src/matter-vault-link.js","docs/reorganization/client-matter-os/matter-vault-r4/evidence/mv-g2-w02-t007.md"
"MV-G2-W02-T008","MV-G2","PR-03/04","P1","implemented_literal_closed","closed_by_loop_hardening","MV-H3-opening-api-hardening","packages/dms/src/vault-workspace-repository.js","docs/reorganization/client-matter-os/matter-vault-r4/evidence/mv-g2-w02-t008.md"
"MV-G2-W02-T009","MV-G2","PR-03/04","P1","implemented_literal_closed","closed_by_loop_hardening","MV-H3-opening-api-hardening","packages/platform/src/persistence/outbox.js","docs/reorganization/client-matter-os/matter-vault-r4/evidence/mv-g2-w02-t009.md"
"MV-G2-W02-T010","MV-G2","PR-03/04","P1","implemented_literal_closed","closed_by_loop_hardening","MV-H3-opening-api-hardening","apps/api/src/routes/matters.js","docs/reorganization/client-matter-os/matter-vault-r4/evidence/mv-g2-w02-t010.md"
"MV-G2-W02-T011","MV-G2","PR-03/04","P1","implemented_literal_closed","closed_by_loop_hardening","MV-H3-opening-api-hardening","apps/api/src/routes/vault.js","docs/reorganization/client-matter-os/matter-vault-r4/evidence/mv-g2-w02-t011.md"
"MV-G2-W02-T012","MV-G2","PR-03/04","P1","implemented_literal_closed","closed_by_loop_hardening","MV-H3-opening-api-hardening","apps/api/test/e2e/matter-opening-vault.test.js","docs/reorganization/client-matter-os/matter-vault-r4/evidence/mv-g2-w02-t012.md"
"MV-G2-W02-T013","MV-G2","PR-03/04","P1","implemented_literal_closed","closed_by_loop_hardening","MV-H3-opening-api-hardening","apps/api/test/e2e/matter-vault-rollback.test.js","docs/reorganization/client-matter-os/matter-vault-r4/evidence/mv-g2-w02-t013.md"
"MV-G2-W02-T014","MV-G2","PR-03/04","P1","implemented_literal_closed","closed_by_loop_hardening","MV-H3-opening-api-hardening","docs/reorganization/client-matter-os/matter-vault-r4/opening-report.md","docs/reorganization/client-matter-os/matter-vault-r4/evidence/mv-g2-w02-t014.md"
"MV-G3-W03-T001","MV-G3","PR-05","P0","implemented_literal_closed","closed_by_loop_hardening","MV-H3-document-api-hardening","packages/dms/src/storage/storage-adapter.js","docs/reorganization/client-matter-os/matter-vault-r4/evidence/mv-g3-w03-t001.md"
"MV-G3-W03-T002","MV-G3","PR-05","P0","implemented_literal_closed","closed_by_loop_hardening","MV-H3-document-api-hardening","packages/dms/src/storage/local-storage-adapter.js","docs/reorganization/client-matter-os/matter-vault-r4/evidence/mv-g3-w03-t002.md"
"MV-G3-W03-T003","MV-G3","PR-05","P0","implemented_literal_closed","closed_by_loop_hardening","MV-H3-document-api-hardening","packages/dms/src/storage/s3-storage-adapter.js","docs/reorganization/client-matter-os/matter-vault-r4/evidence/mv-g3-w03-t003.md"
"MV-G3-W03-T004","MV-G3","PR-05","P0","implemented_literal_closed","closed_by_loop_hardening","MV-H3-document-api-hardening","packages/dms/src/storage/sharepoint-storage-adapter.js","docs/reorganization/client-matter-os/matter-vault-r4/evidence/mv-g3-w03-t004.md"
"MV-G3-W03-T005","MV-G3","PR-05","P0","implemented_literal_closed","closed_by_loop_hardening","MV-H3-document-api-hardening","packages/dms/src/file-object-repository.js","docs/reorganization/client-matter-os/matter-vault-r4/evidence/mv-g3-w03-t005.md"
"MV-G3-W03-T006","MV-G3","PR-05","P0","implemented_literal_closed","closed_by_loop_hardening","MV-H3-document-api-hardening","packages/dms/src/document-repository.js","docs/reorganization/client-matter-os/matter-vault-r4/evidence/mv-g3-w03-t006.md"
"MV-G3-W03-T007","MV-G3","PR-05","P0","implemented_literal_closed","closed_by_loop_hardening","MV-H3-document-api-hardening","packages/dms/src/version-repository.js","docs/reorganization/client-matter-os/matter-vault-r4/evidence/mv-g3-w03-t007.md"
"MV-G3-W03-T008","MV-G3","PR-05","P1","implemented_literal_closed","closed_by_loop_hardening","MV-H3-document-api-hardening","packages/dms/src/document-service.js","docs/reorganization/client-matter-os/matter-vault-r4/evidence/mv-g3-w03-t008.md"
"MV-G3-W03-T009","MV-G3","PR-05","P1","implemented_literal_closed","closed_by_loop_hardening","MV-H3-document-api-hardening","packages/dms/src/hash-lineage-service.js","docs/reorganization/client-matter-os/matter-vault-r4/evidence/mv-g3-w03-t009.md"
"MV-G3-W03-T010","MV-G3","PR-05","P1","implemented_literal_closed","closed_by_loop_hardening","MV-H3-document-api-hardening","packages/dms/src/version-service.js","docs/reorganization/client-matter-os/matter-vault-r4/evidence/mv-g3-w03-t010.md"
"MV-G3-W03-T011","MV-G3","PR-05","P1","implemented_literal_closed","closed_by_loop_hardening","MV-H3-document-api-hardening","packages/dms/src/checkout-lock-service.js","docs/reorganization/client-matter-os/matter-vault-r4/evidence/mv-g3-w03-t011.md"
"MV-G3-W03-T012","MV-G3","PR-05","P1","implemented_literal_closed","closed_by_loop_hardening","MV-H3-document-api-hardening","apps/api/src/routes/vault.js","docs/reorganization/client-matter-os/matter-vault-r4/evidence/mv-g3-w03-t012.md"
"MV-G3-W03-T013","MV-G3","PR-05","P1","implemented_literal_closed","closed_by_loop_hardening","MV-H3-document-api-hardening","apps/api/src/routes/vault.js","docs/reorganization/client-matter-os/matter-vault-r4/evidence/mv-g3-w03-t013.md"
"MV-G3-W03-T014","MV-G3","PR-05","P1","implemented_literal_closed","closed_by_loop_hardening","MV-H3-document-api-hardening","apps/api/test/e2e/vault-storage-security.test.js","docs/reorganization/client-matter-os/matter-vault-r4/evidence/mv-g3-w03-t014.md"
"MV-G3-W03-T015","MV-G3","PR-05","P1","implemented_literal_closed","closed_by_loop_hardening","MV-H3-document-api-hardening","packages/dms/test/hash-lineage.test.js","docs/reorganization/client-matter-os/matter-vault-r4/evidence/mv-g3-w03-t015.md"
"MV-G3-W03-T016","MV-G3","PR-05","P2","implemented_literal_closed","closed_by_loop_hardening","MV-H3-document-api-hardening","docs/reorganization/client-matter-os/matter-vault-r4/document-runtime-report.md","docs/reorganization/client-matter-os/matter-vault-r4/evidence/mv-g3-w03-t016.md"
"MV-G4-W04-T001","MV-G4","PR-06","P0","implemented_literal_closed","closed_by_loop_hardening","MV-H4-security-audit-hardening","packages/dms/src/vault-permission-service.js","docs/reorganization/client-matter-os/matter-vault-r4/evidence/mv-g4-w04-t001.md"
"MV-G4-W04-T002","MV-G4","PR-06","P0","implemented_literal_closed","closed_by_loop_hardening","MV-H4-security-audit-hardening","packages/authz/src/vault-object-acl.js","docs/reorganization/client-matter-os/matter-vault-r4/evidence/mv-g4-w04-t002.md"
"MV-G4-W04-T003","MV-G4","PR-06","P0","implemented_literal_closed","closed_by_loop_hardening","MV-H4-security-audit-hardening","packages/dms/src/privilege-label-service.js","docs/reorganization/client-matter-os/matter-vault-r4/evidence/mv-g4-w04-t003.md"
"MV-G4-W04-T004","MV-G4","PR-06","P0","implemented_literal_closed","closed_by_loop_hardening","MV-H4-security-audit-hardening","packages/dms/src/legal-hold-service.js","docs/reorganization/client-matter-os/matter-vault-r4/evidence/mv-g4-w04-t004.md"
"MV-G4-W04-T005","MV-G4","PR-06","P0","implemented_literal_closed","closed_by_loop_hardening","MV-H4-security-audit-hardening","packages/dms/src/retention-policy-service.js","docs/reorganization/client-matter-os/matter-vault-r4/evidence/mv-g4-w04-t005.md"
"MV-G4-W04-T006","MV-G4","PR-06","P0","implemented_literal_closed","closed_by_loop_hardening","MV-H4-security-audit-hardening","apps/api/src/middleware/sensitive-read-audit.js","docs/reorganization/client-matter-os/matter-vault-r4/evidence/mv-g4-w04-t006.md"
"MV-G4-W04-T007","MV-G4","PR-06","P0","implemented_literal_closed","closed_by_loop_hardening","MV-H4-security-audit-hardening","packages/dms/src/document-service.js","docs/reorganization/client-matter-os/matter-vault-r4/evidence/mv-g4-w04-t007.md"
"MV-G4-W04-T008","MV-G4","PR-06","P1","implemented_literal_closed","closed_by_loop_hardening","MV-H4-security-audit-hardening","packages/dms/src/storage/download-service.js","docs/reorganization/client-matter-os/matter-vault-r4/evidence/mv-g4-w04-t008.md"
"MV-G4-W04-T009","MV-G4","PR-06","P1","implemented_literal_closed","closed_by_loop_hardening","MV-H4-security-audit-hardening","packages/dms/src/legal-hold-guard.js","docs/reorganization/client-matter-os/matter-vault-r4/evidence/mv-g4-w04-t009.md"
"MV-G4-W04-T010","MV-G4","PR-06","P1","implemented_literal_closed","closed_by_loop_hardening","MV-H4-security-audit-hardening","packages/dms/src/vault-projection.js","docs/reorganization/client-matter-os/matter-vault-r4/evidence/mv-g4-w04-t010.md"
"MV-G4-W04-T011","MV-G4","PR-06","P1","implemented_literal_closed","closed_by_loop_hardening","MV-H4-security-audit-hardening","apps/api/test/security/matter-vault-tenant-leak.test.js","docs/reorganization/client-matter-os/matter-vault-r4/evidence/mv-g4-w04-t011.md"
"MV-G4-W04-T012","MV-G4","PR-06","P1","implemented_literal_closed","closed_by_loop_hardening","MV-H4-security-audit-hardening","apps/api/test/security/matter-vault-ethical-wall.test.js","docs/reorganization/client-matter-os/matter-vault-r4/evidence/mv-g4-w04-t012.md"
"MV-G4-W04-T013","MV-G4","PR-06","P1","implemented_literal_closed","closed_by_loop_hardening","MV-H4-security-audit-hardening","apps/api/test/security/matter-vault-legal-hold.test.js","docs/reorganization/client-matter-os/matter-vault-r4/evidence/mv-g4-w04-t013.md"
"MV-G4-W04-T014","MV-G4","PR-06","P1","implemented_literal_closed","closed_by_loop_hardening","MV-H4-security-audit-hardening","docs/reorganization/client-matter-os/matter-vault-r4/permission-audit-report.md","docs/reorganization/client-matter-os/matter-vault-r4/evidence/mv-g4-w04-t014.md"
"MV-G5-W05-T001","MV-G5","PR-08","P0","implemented_literal_closed","closed_by_loop_hardening","MV-H4-search-ai-portal-hardening","packages/dms/src/search/index-repository.js","docs/reorganization/client-matter-os/matter-vault-r4/evidence/mv-g5-w05-t001.md"
"MV-G5-W05-T002","MV-G5","PR-08","P0","implemented_literal_closed","closed_by_loop_hardening","MV-H4-search-ai-portal-hardening","packages/dms/src/search/acl-filter.js","docs/reorganization/client-matter-os/matter-vault-r4/evidence/mv-g5-w05-t002.md"
"MV-G5-W05-T003","MV-G5","PR-08","P0","implemented_literal_closed","closed_by_loop_hardening","MV-H4-search-ai-portal-hardening","packages/dms/src/search/search-service.js","docs/reorganization/client-matter-os/matter-vault-r4/evidence/mv-g5-w05-t003.md"
"MV-G5-W05-T004","MV-G5","PR-08","P0","implemented_literal_closed","closed_by_loop_hardening","MV-H4-search-ai-portal-hardening","packages/dms/src/search/indexer.js","docs/reorganization/client-matter-os/matter-vault-r4/evidence/mv-g5-w05-t004.md"
"MV-G5-W05-T005","MV-G5","PR-08","P0","implemented_literal_closed","closed_by_loop_hardening","MV-H4-search-ai-portal-hardening","packages/ai-governance/src/retrieval-evidence.js","docs/reorganization/client-matter-os/matter-vault-r4/evidence/mv-g5-w05-t005.md"
"MV-G5-W05-T006","MV-G5","PR-08","P0","implemented_literal_closed","closed_by_loop_hardening","MV-H4-search-ai-portal-hardening","packages/ai-governance/src/retrieval-service.js","docs/reorganization/client-matter-os/matter-vault-r4/evidence/mv-g5-w05-t006.md"
"MV-G5-W05-T007","MV-G5","PR-08","P0","implemented_literal_closed","closed_by_loop_hardening","MV-H4-search-ai-portal-hardening","packages/ai-governance/src/source-policy.js","docs/reorganization/client-matter-os/matter-vault-r4/evidence/mv-g5-w05-t007.md"
"MV-G5-W05-T008","MV-G5","PR-08","P1","implemented_literal_closed","closed_by_loop_hardening","MV-H4-search-ai-portal-hardening","packages/client-portal/src/projection-service.js","docs/reorganization/client-matter-os/matter-vault-r4/evidence/mv-g5-w05-t008.md"
"MV-G5-W05-T009","MV-G5","PR-08","P1","implemented_literal_closed","closed_by_loop_hardening","MV-H4-search-ai-portal-hardening","packages/data-room/src/projection-service.js","docs/reorganization/client-matter-os/matter-vault-r4/evidence/mv-g5-w05-t009.md"
"MV-G5-W05-T010","MV-G5","PR-08","P1","implemented_literal_closed","closed_by_loop_hardening","MV-H4-search-ai-portal-hardening","apps/api/test/e2e/vault-search-acl.test.js","docs/reorganization/client-matter-os/matter-vault-r4/evidence/mv-g5-w05-t010.md"
"MV-G5-W05-T011","MV-G5","PR-08","P1","implemented_literal_closed","closed_by_loop_hardening","MV-H4-search-ai-portal-hardening","apps/api/test/e2e/ai-vault-permission.test.js","docs/reorganization/client-matter-os/matter-vault-r4/evidence/mv-g5-w05-t011.md"
"MV-G5-W05-T012","MV-G5","PR-08","P1","implemented_literal_closed","closed_by_loop_hardening","MV-H4-search-ai-portal-hardening","apps/api/test/e2e/portal-vault-projection.test.js","docs/reorganization/client-matter-os/matter-vault-r4/evidence/mv-g5-w05-t012.md"
"MV-G6-W06-T001","MV-G6","PR-07/09/10","P0","implemented_literal_closed","closed_by_loop_hardening","MV-H5-ui-timeline-hardening","packages/matter/src/timeline-repository.js","docs/reorganization/client-matter-os/matter-vault-r4/evidence/mv-g6-w06-t001.md"
"MV-G6-W06-T002","MV-G6","PR-07/09/10","P0","implemented_literal_closed","closed_by_loop_hardening","MV-H5-ui-timeline-hardening","packages/matter/src/timeline-projection.js","docs/reorganization/client-matter-os/matter-vault-r4/evidence/mv-g6-w06-t002.md"
"MV-G6-W06-T003","MV-G6","PR-07/09/10","P0","implemented_literal_closed","closed_by_loop_hardening","MV-H5-ui-timeline-hardening","packages/matter/src/timeline-projection.js","docs/reorganization/client-matter-os/matter-vault-r4/evidence/mv-g6-w06-t003.md"
"MV-G6-W06-T004","MV-G6","PR-07/09/10","P0","implemented_literal_closed","closed_by_loop_hardening","MV-H5-ui-timeline-hardening","packages/matter/src/timeline-projection.js","docs/reorganization/client-matter-os/matter-vault-r4/evidence/mv-g6-w06-t004.md"
"MV-G6-W06-T005","MV-G6","PR-07/09/10","P0","implemented_literal_closed","closed_by_loop_hardening","MV-H5-ui-timeline-hardening","apps/api/src/routes/matters.js","docs/reorganization/client-matter-os/matter-vault-r4/evidence/mv-g6-w06-t005.md"
"MV-G6-W06-T006","MV-G6","PR-07/09/10","P0","implemented_literal_closed","closed_by_loop_hardening","MV-H5-ui-timeline-hardening","apps/api/src/routes/matters.js","docs/reorganization/client-matter-os/matter-vault-r4/evidence/mv-g6-w06-t006.md"
"MV-G6-W06-T007","MV-G6","PR-07/09/10","P0","implemented_literal_closed","closed_by_loop_hardening","MV-H5-ui-timeline-hardening","apps/web/src/data/vaultApiClient.ts","docs/reorganization/client-matter-os/matter-vault-r4/evidence/mv-g6-w06-t007.md"
"MV-G6-W06-T008","MV-G6","PR-07/09/10","P1","implemented_literal_closed","closed_by_loop_hardening","MV-H5-ui-timeline-hardening","apps/web/src/components/MatterVaultPanel.jsx","docs/reorganization/client-matter-os/matter-vault-r4/evidence/mv-g6-w06-t008.md"
"MV-G6-W06-T009","MV-G6","PR-07/09/10","P1","implemented_literal_closed","closed_by_loop_hardening","MV-H5-ui-timeline-hardening","apps/web/src/components/VaultDocumentTable.jsx","docs/reorganization/client-matter-os/matter-vault-r4/evidence/mv-g6-w06-t009.md"
"MV-G6-W06-T010","MV-G6","PR-07/09/10","P1","implemented_literal_closed","closed_by_loop_hardening","MV-H5-ui-timeline-hardening","apps/web/src/components/VaultDocumentDetail.jsx","docs/reorganization/client-matter-os/matter-vault-r4/evidence/mv-g6-w06-t010.md"
"MV-G6-W06-T011","MV-G6","PR-07/09/10","P1","implemented_literal_closed","closed_by_loop_hardening","MV-H5-ui-timeline-hardening","apps/web/src/components/VaultSecurityBadges.jsx","docs/reorganization/client-matter-os/matter-vault-r4/evidence/mv-g6-w06-t011.md"
"MV-G6-W06-T012","MV-G6","PR-07/09/10","P1","implemented_literal_closed","closed_by_loop_hardening","MV-H5-ui-timeline-hardening","apps/web/src/components/VaultBreadcrumb.jsx","docs/reorganization/client-matter-os/matter-vault-r4/evidence/mv-g6-w06-t012.md"
"MV-G6-W06-T013","MV-G6","PR-07/09/10","P1","implemented_literal_closed","closed_by_loop_hardening","MV-H5-ui-timeline-hardening","apps/web/src/components/primitives.jsx","docs/reorganization/client-matter-os/matter-vault-r4/evidence/mv-g6-w06-t013.md"
"MV-G6-W06-T014","MV-G6","PR-07/09/10","P1","implemented_literal_closed","closed_by_loop_hardening","MV-H5-ui-timeline-hardening","apps/web/e2e/matter-vault.spec.ts","docs/reorganization/client-matter-os/matter-vault-r4/evidence/mv-g6-w06-t014.md"
"MV-G6-W06-T015","MV-G6","PR-07/09/10","P1","implemented_literal_closed","closed_by_loop_hardening","MV-H5-ui-timeline-hardening","apps/web/test/matter-vault-a11y.test.mjs","docs/reorganization/client-matter-os/matter-vault-r4/evidence/mv-g6-w06-t015.md"
"MV-G6-W06-T016","MV-G6","PR-07/09/10","P2","implemented_literal_closed","closed_by_loop_hardening","MV-H5-ui-timeline-hardening","docs/reorganization/client-matter-os/matter-vault-r4/ui-closeout-report.md","docs/reorganization/client-matter-os/matter-vault-r4/evidence/mv-g6-w06-t016.md"
"MV-G7-W07-T001","MV-G7","PR-11","P0","implemented_literal_closed","closed_by_loop_hardening","MV-H4-migration-hardening","scripts/inventory-matter-vault-records.mjs","docs/reorganization/client-matter-os/matter-vault-r4/evidence/mv-g7-w07-t001.md"
"MV-G7-W07-T002","MV-G7","PR-11","P0","implemented_literal_closed","closed_by_loop_hardening","MV-H4-migration-hardening","scripts/backfill-matter-vault-links.mjs","docs/reorganization/client-matter-os/matter-vault-r4/evidence/mv-g7-w07-t002.md"
"MV-G7-W07-T003","MV-G7","PR-11","P0","implemented_literal_closed","closed_by_loop_hardening","MV-H4-migration-hardening","scripts/backfill-vault-workspaces.mjs","docs/reorganization/client-matter-os/matter-vault-r4/evidence/mv-g7-w07-t003.md"
"MV-G7-W07-T004","MV-G7","PR-11","P0","implemented_literal_closed","closed_by_loop_hardening","MV-H4-migration-hardening","scripts/audit-duplicate-vault-workspaces.mjs","docs/reorganization/client-matter-os/matter-vault-r4/evidence/mv-g7-w07-t004.md"
"MV-G7-W07-T005","MV-G7","PR-11","P0","implemented_literal_closed","closed_by_loop_hardening","MV-H4-migration-hardening","docs/reorganization/client-matter-os/matter-vault-r4/migration-dry-run.md","docs/reorganization/client-matter-os/matter-vault-r4/evidence/mv-g7-w07-t005.md"
"MV-G7-W07-T006","MV-G7","PR-11","P0","implemented_literal_closed","closed_by_loop_hardening","MV-H4-migration-hardening","docs/reorganization/client-matter-os/matter-vault-r4/rollback-plan.md","docs/reorganization/client-matter-os/matter-vault-r4/evidence/mv-g7-w07-t006.md"
"MV-G7-W07-T007","MV-G7","PR-11","P0","implemented_literal_closed","closed_by_loop_hardening","MV-H4-migration-hardening","scripts/reconcile-matter-vault-backfill.mjs","docs/reorganization/client-matter-os/matter-vault-r4/evidence/mv-g7-w07-t007.md"
"MV-G7-W07-T008","MV-G7","PR-11","P1","implemented_literal_closed","closed_by_loop_hardening","MV-H4-migration-hardening","docs/reorganization/client-matter-os/matter-vault-r4/migration-failed-rows.json","docs/reorganization/client-matter-os/matter-vault-r4/evidence/mv-g7-w07-t008.md"
"MV-G7-W07-T009","MV-G7","PR-11","P1","implemented_literal_closed","closed_by_loop_hardening","MV-H4-migration-hardening","docs/reorganization/client-matter-os/matter-vault-r4/migration-signoff.md","docs/reorganization/client-matter-os/matter-vault-r4/evidence/mv-g7-w07-t009.md"
"MV-G7-W07-T010","MV-G7","PR-11","P1","implemented_literal_closed","closed_by_loop_hardening","MV-H4-migration-hardening","docs/reorganization/client-matter-os/matter-vault-r4/migration-closeout.md","docs/reorganization/client-matter-os/matter-vault-r4/evidence/mv-g7-w07-t010.md"
"MV-G8-W08-T001","MV-G8","PR-12","P0","implemented_literal_closed","closed_by_loop_hardening","MV-H6-evidence-closeout","apps/api/test/e2e/matter-vault-workflow.test.js","docs/reorganization/client-matter-os/matter-vault-r4/evidence/mv-g8-w08-t001.md"
"MV-G8-W08-T002","MV-G8","PR-12","P0","implemented_literal_closed","closed_by_loop_hardening","MV-H6-evidence-closeout","apps/api/test/security/matter-vault-security.test.js","docs/reorganization/client-matter-os/matter-vault-r4/evidence/mv-g8-w08-t002.md"
"MV-G8-W08-T003","MV-G8","PR-12","P0","implemented_literal_closed","closed_by_loop_hardening","MV-H6-evidence-closeout","apps/api/test/audit/matter-vault-audit.test.js","docs/reorganization/client-matter-os/matter-vault-r4/evidence/mv-g8-w08-t003.md"
"MV-G8-W08-T004","MV-G8","PR-12","P0","implemented_literal_closed","closed_by_loop_hardening","MV-H6-evidence-closeout","apps/api/test/idempotency/matter-vault-idempotency.test.js","docs/reorganization/client-matter-os/matter-vault-r4/evidence/mv-g8-w08-t004.md"
"MV-G8-W08-T005","MV-G8","PR-12","P0","implemented_literal_closed","closed_by_loop_hardening","MV-H6-evidence-closeout","packages/dms/test/document-state-machine.test.js","docs/reorganization/client-matter-os/matter-vault-r4/evidence/mv-g8-w08-t005.md"
"MV-G8-W08-T006","MV-G8","PR-12","P0","implemented_literal_closed","closed_by_loop_hardening","MV-H6-evidence-closeout","apps/api/test/perf/matter-vault-smoke.test.js","docs/reorganization/client-matter-os/matter-vault-r4/evidence/mv-g8-w08-t006.md"
"MV-G8-W08-T007","MV-G8","PR-12","P0","implemented_literal_closed","closed_by_loop_hardening","MV-H6-evidence-closeout","scripts/drill-matter-vault-backup-restore.mjs","docs/reorganization/client-matter-os/matter-vault-r4/evidence/mv-g8-w08-t007.md"
"MV-G8-W08-T008","MV-G8","PR-12","P1","implemented_literal_closed","closed_by_loop_hardening","MV-H6-evidence-closeout","docs/uat/matter-vault-uat-scripts.md","docs/reorganization/client-matter-os/matter-vault-r4/evidence/mv-g8-w08-t008.md"
"MV-G8-W08-T009","MV-G8","PR-12","P1","implemented_literal_closed","closed_by_loop_hardening","MV-H6-evidence-closeout","scripts/validate-matter-vault-r4-readiness.mjs","docs/reorganization/client-matter-os/matter-vault-r4/evidence/mv-g8-w08-t009.md"
"MV-G8-W08-T010","MV-G8","PR-12","P1","implemented_literal_closed","closed_by_loop_hardening","MV-H6-evidence-closeout","docs/reorganization/client-matter-os/matter-vault-r4/evidence-matrix.md","docs/reorganization/client-matter-os/matter-vault-r4/evidence/mv-g8-w08-t010.md"
"MV-G8-W08-T011","MV-G8","PR-12","P1","implemented_literal_closed","closed_by_loop_hardening","MV-H6-evidence-closeout","scripts/audit-matter-vault-no-go-claim.mjs","docs/reorganization/client-matter-os/matter-vault-r4/evidence/mv-g8-w08-t011.md"
"MV-G8-W08-T012","MV-G8","PR-12","P1","implemented_literal_closed","closed_by_loop_hardening","MV-H6-evidence-closeout","docs/reorganization/client-matter-os/matter-vault-r4/r4-closeout.md","docs/reorganization/client-matter-os/matter-vault-r4/evidence/mv-g8-w08-t012.md"
"MV-G8-W08-T013","MV-G8","PR-12","P1","launch_only_external_receipt","closed_by_local_validation_external_receipt_pending","MV-H6-evidence-closeout","CI","docs/reorganization/client-matter-os/matter-vault-r4/evidence/mv-g8-w08-t013.md"
"MV-G8-W08-T014","MV-G8","PR-12","P1","implemented_literal_closed","closed_by_loop_hardening","MV-H6-evidence-closeout","docs/reorganization/client-matter-os/matter-vault-r4/signoff.md","docs/reorganization/client-matter-os/matter-vault-r4/evidence/mv-g8-w08-t014.md"
