CMP TUW,기존 LFOS TUW,status,target package,validator impact,runtime claim allowed
CMP-G0-W00-T001,LFOS-G0-W00-T001..LFOS-G0-W00-T010,supersedes,docs/reorganization/client-matter-os; contracts/**; package.json,validates new CMP v1 governance baseline and keeps LFOS 198 as legacy reference,no until evidence row is runtime scoped
CMP-G0-W00-T002,LFOS-G0-W00-T001..LFOS-G0-W00-T010,supersedes,docs/reorganization/client-matter-os; contracts/**; package.json,validates new CMP v1 governance baseline and keeps LFOS 198 as legacy reference,no until evidence row is runtime scoped
CMP-G0-W00-T003,LFOS-G0-W00-T001..LFOS-G0-W00-T010,supersedes,docs/reorganization/client-matter-os; contracts/**; package.json,validates new CMP v1 governance baseline and keeps LFOS 198 as legacy reference,no until evidence row is runtime scoped
CMP-G0-W00-T004,LFOS-G0-W00-T001..LFOS-G0-W00-T010,supersedes,docs/reorganization/client-matter-os; contracts/**; package.json,validates new CMP v1 governance baseline and keeps LFOS 198 as legacy reference,no until evidence row is runtime scoped
CMP-G0-W00-T005,LFOS-G0-W00-T001..LFOS-G0-W00-T010,supersedes,docs/reorganization/client-matter-os; contracts/**; package.json,validates new CMP v1 governance baseline and keeps LFOS 198 as legacy reference,no until evidence row is runtime scoped
CMP-G0-W00-T006,LFOS-G0-W00-T001..LFOS-G0-W00-T010,supersedes,docs/reorganization/client-matter-os; contracts/**; package.json,validates new CMP v1 governance baseline and keeps LFOS 198 as legacy reference,no until evidence row is runtime scoped
CMP-G0-W00-T007,LFOS-G0-W00-T001..LFOS-G0-W00-T010,supersedes,docs/reorganization/client-matter-os; contracts/**; package.json,validates new CMP v1 governance baseline and keeps LFOS 198 as legacy reference,no until evidence row is runtime scoped
CMP-G0-W00-T008,LFOS-G0-W00-T001..LFOS-G0-W00-T010,supersedes,docs/reorganization/client-matter-os; contracts/**; package.json,validates new CMP v1 governance baseline and keeps LFOS 198 as legacy reference,no until evidence row is runtime scoped
CMP-G0-W00-T009,LFOS-G0-W00-T001..LFOS-G0-W00-T010,supersedes,docs/reorganization/client-matter-os; contracts/**; package.json,validates new CMP v1 governance baseline and keeps LFOS 198 as legacy reference,no until evidence row is runtime scoped
CMP-G0-W00-T010,LFOS-G0-W00-T001..LFOS-G0-W00-T010,supersedes,docs/reorganization/client-matter-os; contracts/**; package.json,validates new CMP v1 governance baseline and keeps LFOS 198 as legacy reference,no until evidence row is runtime scoped
CMP-G0-W00-T011,LFOS-G0-W00-T001..LFOS-G0-W00-T010,supersedes,docs/reorganization/client-matter-os; contracts/**; package.json,validates new CMP v1 governance baseline and keeps LFOS 198 as legacy reference,no until evidence row is runtime scoped
CMP-G0-W00-T012,LFOS-G0-W00-T001..LFOS-G0-W00-T010,supersedes,docs/reorganization/client-matter-os; contracts/**; package.json,validates new CMP v1 governance baseline and keeps LFOS 198 as legacy reference,no until evidence row is runtime scoped
CMP-G0-W00-T013,LFOS-G0-W00-T001..LFOS-G0-W00-T010,supersedes,docs/reorganization/client-matter-os; contracts/**; package.json,validates new CMP v1 governance baseline and keeps LFOS 198 as legacy reference,no until evidence row is runtime scoped
CMP-G0-W00-T014,LFOS-G0-W00-T001..LFOS-G0-W00-T010,supersedes,docs/reorganization/client-matter-os; contracts/**; package.json,validates new CMP v1 governance baseline and keeps LFOS 198 as legacy reference,no until evidence row is runtime scoped
CMP-G0-W00-T015,LFOS-G0-W00-T001..LFOS-G0-W00-T010,supersedes,docs/reorganization/client-matter-os; contracts/**; package.json,validates new CMP v1 governance baseline and keeps LFOS 198 as legacy reference,no until evidence row is runtime scoped
CMP-G0-W00-T016,LFOS-G0-W00-T001..LFOS-G0-W00-T010,supersedes,docs/reorganization/client-matter-os; contracts/**; package.json,validates new CMP v1 governance baseline and keeps LFOS 198 as legacy reference,no until evidence row is runtime scoped
CMP-G0-W00-T017,LFOS-G0-W00-T001..LFOS-G0-W00-T010,supersedes,docs/reorganization/client-matter-os; contracts/**; package.json,validates new CMP v1 governance baseline and keeps LFOS 198 as legacy reference,no until evidence row is runtime scoped
CMP-G0-W00-T018,LFOS-G0-W00-T001..LFOS-G0-W00-T010,supersedes,docs/reorganization/client-matter-os; contracts/**; package.json,validates new CMP v1 governance baseline and keeps LFOS 198 as legacy reference,no until evidence row is runtime scoped
CMP-G0-W00-T019,LFOS-G0-W00-T001..LFOS-G0-W00-T010,supersedes,docs/reorganization/client-matter-os; contracts/**; package.json,validates new CMP v1 governance baseline and keeps LFOS 198 as legacy reference,no until evidence row is runtime scoped
CMP-G0-W00-T020,LFOS-G0-W00-T001..LFOS-G0-W00-T010,supersedes,docs/reorganization/client-matter-os; contracts/**; package.json,validates new CMP v1 governance baseline and keeps LFOS 198 as legacy reference,no until evidence row is runtime scoped
CMP-G0-W00-T021,LFOS-G0-W00-T001..LFOS-G0-W00-T010,supersedes,docs/reorganization/client-matter-os; contracts/**; package.json,validates new CMP v1 governance baseline and keeps LFOS 198 as legacy reference,no until evidence row is runtime scoped
CMP-G1-W01-T001,LFOS-G1-W01-T001..LFOS-G1-W01-T016,supersedes,packages/authz; packages/audit; apps/api/src; apps/api/test,requires CMP-G1 trust runtime validator plus focused API/audit tests,yes only after persistence/write API/permission/audit/state/idempotency evidence
CMP-G1-W01-T002,LFOS-G1-W01-T001..LFOS-G1-W01-T016,supersedes,packages/authz; packages/audit; apps/api/src; apps/api/test,requires CMP-G1 trust runtime validator plus focused API/audit tests,yes only after persistence/write API/permission/audit/state/idempotency evidence
CMP-G1-W01-T003,LFOS-G1-W01-T001..LFOS-G1-W01-T016,supersedes,packages/authz; packages/audit; apps/api/src; apps/api/test,requires CMP-G1 trust runtime validator plus focused API/audit tests,yes only after persistence/write API/permission/audit/state/idempotency evidence
CMP-G1-W01-T004,LFOS-G1-W01-T001..LFOS-G1-W01-T016,supersedes,packages/authz; packages/audit; apps/api/src; apps/api/test,requires CMP-G1 trust runtime validator plus focused API/audit tests,yes only after persistence/write API/permission/audit/state/idempotency evidence
CMP-G1-W01-T005,LFOS-G1-W01-T001..LFOS-G1-W01-T016,supersedes,packages/authz; packages/audit; apps/api/src; apps/api/test,requires CMP-G1 trust runtime validator plus focused API/audit tests,yes only after persistence/write API/permission/audit/state/idempotency evidence
CMP-G1-W01-T006,LFOS-G1-W01-T001..LFOS-G1-W01-T016,supersedes,packages/authz; packages/audit; apps/api/src; apps/api/test,requires CMP-G1 trust runtime validator plus focused API/audit tests,yes only after persistence/write API/permission/audit/state/idempotency evidence
CMP-G1-W01-T007,LFOS-G1-W01-T001..LFOS-G1-W01-T016,supersedes,packages/authz; packages/audit; apps/api/src; apps/api/test,requires CMP-G1 trust runtime validator plus focused API/audit tests,yes only after persistence/write API/permission/audit/state/idempotency evidence
CMP-G1-W01-T008,LFOS-G1-W01-T001..LFOS-G1-W01-T016,supersedes,packages/authz; packages/audit; apps/api/src; apps/api/test,requires CMP-G1 trust runtime validator plus focused API/audit tests,yes only after persistence/write API/permission/audit/state/idempotency evidence
CMP-G1-W01-T009,LFOS-G1-W01-T001..LFOS-G1-W01-T016,supersedes,packages/authz; packages/audit; apps/api/src; apps/api/test,requires CMP-G1 trust runtime validator plus focused API/audit tests,yes only after persistence/write API/permission/audit/state/idempotency evidence
CMP-G1-W01-T010,LFOS-G1-W01-T001..LFOS-G1-W01-T016,supersedes,packages/authz; packages/audit; apps/api/src; apps/api/test,requires CMP-G1 trust runtime validator plus focused API/audit tests,yes only after persistence/write API/permission/audit/state/idempotency evidence
CMP-G1-W01-T011,LFOS-G1-W01-T001..LFOS-G1-W01-T016,supersedes,packages/authz; packages/audit; apps/api/src; apps/api/test,requires CMP-G1 trust runtime validator plus focused API/audit tests,yes only after persistence/write API/permission/audit/state/idempotency evidence
CMP-G1-W01-T012,LFOS-G1-W01-T001..LFOS-G1-W01-T016,supersedes,packages/authz; packages/audit; apps/api/src; apps/api/test,requires CMP-G1 trust runtime validator plus focused API/audit tests,yes only after persistence/write API/permission/audit/state/idempotency evidence
CMP-G1-W01-T013,LFOS-G1-W01-T001..LFOS-G1-W01-T016,supersedes,packages/authz; packages/audit; apps/api/src; apps/api/test,requires CMP-G1 trust runtime validator plus focused API/audit tests,yes only after persistence/write API/permission/audit/state/idempotency evidence
CMP-G1-W01-T014,LFOS-G1-W01-T001..LFOS-G1-W01-T016,supersedes,packages/authz; packages/audit; apps/api/src; apps/api/test,requires CMP-G1 trust runtime validator plus focused API/audit tests,yes only after persistence/write API/permission/audit/state/idempotency evidence
CMP-G1-W01-T015,LFOS-G1-W01-T001..LFOS-G1-W01-T016,supersedes,packages/authz; packages/audit; apps/api/src; apps/api/test,requires CMP-G1 trust runtime validator plus focused API/audit tests,yes only after persistence/write API/permission/audit/state/idempotency evidence
CMP-G1-W01-T016,LFOS-G1-W01-T001..LFOS-G1-W01-T016,supersedes,packages/authz; packages/audit; apps/api/src; apps/api/test,requires CMP-G1 trust runtime validator plus focused API/audit tests,yes only after persistence/write API/permission/audit/state/idempotency evidence
CMP-G1-W01-T017,LFOS-G1-W01-T001..LFOS-G1-W01-T016,supersedes,packages/authz; packages/audit; apps/api/src; apps/api/test,requires CMP-G1 trust runtime validator plus focused API/audit tests,yes only after persistence/write API/permission/audit/state/idempotency evidence
CMP-G1-W01-T018,LFOS-G1-W01-T001..LFOS-G1-W01-T016,supersedes,packages/authz; packages/audit; apps/api/src; apps/api/test,requires CMP-G1 trust runtime validator plus focused API/audit tests,yes only after persistence/write API/permission/audit/state/idempotency evidence
CMP-G1-W01-T019,LFOS-G1-W01-T001..LFOS-G1-W01-T016,supersedes,packages/authz; packages/audit; apps/api/src; apps/api/test,requires CMP-G1 trust runtime validator plus focused API/audit tests,yes only after persistence/write API/permission/audit/state/idempotency evidence
CMP-G1-W01-T020,LFOS-G1-W01-T001..LFOS-G1-W01-T016,supersedes,packages/authz; packages/audit; apps/api/src; apps/api/test,requires CMP-G1 trust runtime validator plus focused API/audit tests,yes only after persistence/write API/permission/audit/state/idempotency evidence
CMP-G1-W01-T021,LFOS-G1-W01-T001..LFOS-G1-W01-T016,supersedes,packages/authz; packages/audit; apps/api/src; apps/api/test,requires CMP-G1 trust runtime validator plus focused API/audit tests,yes only after persistence/write API/permission/audit/state/idempotency evidence
CMP-G1-W01-T022,LFOS-G1-W01-T001..LFOS-G1-W01-T016,supersedes,packages/authz; packages/audit; apps/api/src; apps/api/test,requires CMP-G1 trust runtime validator plus focused API/audit tests,yes only after persistence/write API/permission/audit/state/idempotency evidence
CMP-G1-W01-T023,LFOS-G1-W01-T001..LFOS-G1-W01-T016,supersedes,packages/authz; packages/audit; apps/api/src; apps/api/test,requires CMP-G1 trust runtime validator plus focused API/audit tests,yes only after persistence/write API/permission/audit/state/idempotency evidence
CMP-G1-W01-T024,LFOS-G1-W01-T001..LFOS-G1-W01-T016,supersedes,packages/authz; packages/audit; apps/api/src; apps/api/test,requires CMP-G1 trust runtime validator plus focused API/audit tests,yes only after persistence/write API/permission/audit/state/idempotency evidence
CMP-G2-W02-T001,LFOS-G2-W02-T001..LFOS-G2-W02-T014,supersedes,packages/master-data; apps/api/src; apps/web/src,requires G1 runtime evidence before G2 R4 claim,yes only after G1 evidence and Party runtime tests
CMP-G2-W02-T002,LFOS-G2-W02-T001..LFOS-G2-W02-T014,supersedes,packages/master-data; apps/api/src; apps/web/src,requires G1 runtime evidence before G2 R4 claim,yes only after G1 evidence and Party runtime tests
CMP-G2-W02-T003,LFOS-G2-W02-T001..LFOS-G2-W02-T014,supersedes,packages/master-data; apps/api/src; apps/web/src,requires G1 runtime evidence before G2 R4 claim,yes only after G1 evidence and Party runtime tests
CMP-G2-W02-T004,LFOS-G2-W02-T001..LFOS-G2-W02-T014,supersedes,packages/master-data; apps/api/src; apps/web/src,requires G1 runtime evidence before G2 R4 claim,yes only after G1 evidence and Party runtime tests
CMP-G2-W02-T005,LFOS-G2-W02-T001..LFOS-G2-W02-T014,supersedes,packages/master-data; apps/api/src; apps/web/src,requires G1 runtime evidence before G2 R4 claim,yes only after G1 evidence and Party runtime tests
CMP-G2-W02-T006,LFOS-G2-W02-T001..LFOS-G2-W02-T014,supersedes,packages/master-data; apps/api/src; apps/web/src,requires G1 runtime evidence before G2 R4 claim,yes only after G1 evidence and Party runtime tests
CMP-G2-W02-T007,LFOS-G2-W02-T001..LFOS-G2-W02-T014,supersedes,packages/master-data; apps/api/src; apps/web/src,requires G1 runtime evidence before G2 R4 claim,yes only after G1 evidence and Party runtime tests
CMP-G2-W02-T008,LFOS-G2-W02-T001..LFOS-G2-W02-T014,supersedes,packages/master-data; apps/api/src; apps/web/src,requires G1 runtime evidence before G2 R4 claim,yes only after G1 evidence and Party runtime tests
CMP-G2-W02-T009,LFOS-G2-W02-T001..LFOS-G2-W02-T014,supersedes,packages/master-data; apps/api/src; apps/web/src,requires G1 runtime evidence before G2 R4 claim,yes only after G1 evidence and Party runtime tests
CMP-G2-W02-T010,LFOS-G2-W02-T001..LFOS-G2-W02-T014,supersedes,packages/master-data; apps/api/src; apps/web/src,requires G1 runtime evidence before G2 R4 claim,yes only after G1 evidence and Party runtime tests
CMP-G2-W02-T011,LFOS-G2-W02-T001..LFOS-G2-W02-T014,supersedes,packages/master-data; apps/api/src; apps/web/src,requires G1 runtime evidence before G2 R4 claim,yes only after G1 evidence and Party runtime tests
CMP-G2-W02-T012,LFOS-G2-W02-T001..LFOS-G2-W02-T014,supersedes,packages/master-data; apps/api/src; apps/web/src,requires G1 runtime evidence before G2 R4 claim,yes only after G1 evidence and Party runtime tests
CMP-G2-W02-T013,LFOS-G2-W02-T001..LFOS-G2-W02-T014,supersedes,packages/master-data; apps/api/src; apps/web/src,requires G1 runtime evidence before G2 R4 claim,yes only after G1 evidence and Party runtime tests
CMP-G2-W02-T014,LFOS-G2-W02-T001..LFOS-G2-W02-T014,supersedes,packages/master-data; apps/api/src; apps/web/src,requires G1 runtime evidence before G2 R4 claim,yes only after G1 evidence and Party runtime tests
CMP-G2-W02-T015,LFOS-G2-W02-T001..LFOS-G2-W02-T014,supersedes,packages/master-data; apps/api/src; apps/web/src,requires G1 runtime evidence before G2 R4 claim,yes only after G1 evidence and Party runtime tests
CMP-G2-W02-T016,LFOS-G2-W02-T001..LFOS-G2-W02-T014,supersedes,packages/master-data; apps/api/src; apps/web/src,requires G1 runtime evidence before G2 R4 claim,yes only after G1 evidence and Party runtime tests
CMP-G2-W02-T017,LFOS-G2-W02-T001..LFOS-G2-W02-T014,supersedes,packages/master-data; apps/api/src; apps/web/src,requires G1 runtime evidence before G2 R4 claim,yes only after G1 evidence and Party runtime tests
CMP-G2-W02-T018,LFOS-G2-W02-T001..LFOS-G2-W02-T014,supersedes,packages/master-data; apps/api/src; apps/web/src,requires G1 runtime evidence before G2 R4 claim,yes only after G1 evidence and Party runtime tests
CMP-G2-W02-T019,LFOS-G2-W02-T001..LFOS-G2-W02-T014,supersedes,packages/master-data; apps/api/src; apps/web/src,requires G1 runtime evidence before G2 R4 claim,yes only after G1 evidence and Party runtime tests
CMP-G3-W03-T001,LFOS-G7-W13-T001..LFOS-G7-W13-T008,reordered,packages/hrx; apps/api/src/routes/hrx; apps/web/src/people,requires People/HRX runtime validator before Matter/Staffing because MatterTeam references Employee,yes only after G1/G2 and HR-sensitive guard tests
CMP-G3-W03-T002,LFOS-G7-W13-T001..LFOS-G7-W13-T008,reordered,packages/hrx; apps/api/src/routes/hrx; apps/web/src/people,requires People/HRX runtime validator before Matter/Staffing because MatterTeam references Employee,yes only after G1/G2 and HR-sensitive guard tests
CMP-G3-W03-T003,LFOS-G7-W13-T001..LFOS-G7-W13-T008,reordered,packages/hrx; apps/api/src/routes/hrx; apps/web/src/people,requires People/HRX runtime validator before Matter/Staffing because MatterTeam references Employee,yes only after G1/G2 and HR-sensitive guard tests
CMP-G3-W03-T004,LFOS-G7-W13-T001..LFOS-G7-W13-T008,reordered,packages/hrx; apps/api/src/routes/hrx; apps/web/src/people,requires People/HRX runtime validator before Matter/Staffing because MatterTeam references Employee,yes only after G1/G2 and HR-sensitive guard tests
CMP-G3-W03-T005,LFOS-G7-W13-T001..LFOS-G7-W13-T008,reordered,packages/hrx; apps/api/src/routes/hrx; apps/web/src/people,requires People/HRX runtime validator before Matter/Staffing because MatterTeam references Employee,yes only after G1/G2 and HR-sensitive guard tests
CMP-G3-W03-T006,LFOS-G7-W13-T001..LFOS-G7-W13-T008,reordered,packages/hrx; apps/api/src/routes/hrx; apps/web/src/people,requires People/HRX runtime validator before Matter/Staffing because MatterTeam references Employee,yes only after G1/G2 and HR-sensitive guard tests
CMP-G3-W03-T007,LFOS-G7-W13-T001..LFOS-G7-W13-T008,reordered,packages/hrx; apps/api/src/routes/hrx; apps/web/src/people,requires People/HRX runtime validator before Matter/Staffing because MatterTeam references Employee,yes only after G1/G2 and HR-sensitive guard tests
CMP-G3-W03-T008,LFOS-G7-W13-T001..LFOS-G7-W13-T008,reordered,packages/hrx; apps/api/src/routes/hrx; apps/web/src/people,requires People/HRX runtime validator before Matter/Staffing because MatterTeam references Employee,yes only after G1/G2 and HR-sensitive guard tests
CMP-G3-W03-T009,LFOS-G7-W13-T001..LFOS-G7-W13-T008,reordered,packages/hrx; apps/api/src/routes/hrx; apps/web/src/people,requires People/HRX runtime validator before Matter/Staffing because MatterTeam references Employee,yes only after G1/G2 and HR-sensitive guard tests
CMP-G3-W03-T010,LFOS-G7-W13-T001..LFOS-G7-W13-T008,reordered,packages/hrx; apps/api/src/routes/hrx; apps/web/src/people,requires People/HRX runtime validator before Matter/Staffing because MatterTeam references Employee,yes only after G1/G2 and HR-sensitive guard tests
CMP-G3-W03-T011,LFOS-G7-W13-T001..LFOS-G7-W13-T008,reordered,packages/hrx; apps/api/src/routes/hrx; apps/web/src/people,requires People/HRX runtime validator before Matter/Staffing because MatterTeam references Employee,yes only after G1/G2 and HR-sensitive guard tests
CMP-G3-W03-T012,LFOS-G7-W13-T001..LFOS-G7-W13-T008,reordered,packages/hrx; apps/api/src/routes/hrx; apps/web/src/people,requires People/HRX runtime validator before Matter/Staffing because MatterTeam references Employee,yes only after G1/G2 and HR-sensitive guard tests
CMP-G3-W03-T013,LFOS-G7-W13-T001..LFOS-G7-W13-T008,reordered,packages/hrx; apps/api/src/routes/hrx; apps/web/src/people,requires People/HRX runtime validator before Matter/Staffing because MatterTeam references Employee,yes only after G1/G2 and HR-sensitive guard tests
CMP-G3-W03-T014,LFOS-G7-W13-T001..LFOS-G7-W13-T008,reordered,packages/hrx; apps/api/src/routes/hrx; apps/web/src/people,requires People/HRX runtime validator before Matter/Staffing because MatterTeam references Employee,yes only after G1/G2 and HR-sensitive guard tests
CMP-G3-W03-T015,LFOS-G7-W13-T001..LFOS-G7-W13-T008,reordered,packages/hrx; apps/api/src/routes/hrx; apps/web/src/people,requires People/HRX runtime validator before Matter/Staffing because MatterTeam references Employee,yes only after G1/G2 and HR-sensitive guard tests
CMP-G3-W03-T016,LFOS-G7-W13-T001..LFOS-G7-W13-T008,reordered,packages/hrx; apps/api/src/routes/hrx; apps/web/src/people,requires People/HRX runtime validator before Matter/Staffing because MatterTeam references Employee,yes only after G1/G2 and HR-sensitive guard tests
CMP-G3-W03-T017,LFOS-G7-W13-T001..LFOS-G7-W13-T008,reordered,packages/hrx; apps/api/src/routes/hrx; apps/web/src/people,requires People/HRX runtime validator before Matter/Staffing because MatterTeam references Employee,yes only after G1/G2 and HR-sensitive guard tests
CMP-G3-W03-T018,LFOS-G7-W13-T001..LFOS-G7-W13-T008,reordered,packages/hrx; apps/api/src/routes/hrx; apps/web/src/people,requires People/HRX runtime validator before Matter/Staffing because MatterTeam references Employee,yes only after G1/G2 and HR-sensitive guard tests
CMP-G3-W03-T019,LFOS-G7-W13-T001..LFOS-G7-W13-T008,reordered,packages/hrx; apps/api/src/routes/hrx; apps/web/src/people,requires People/HRX runtime validator before Matter/Staffing because MatterTeam references Employee,yes only after G1/G2 and HR-sensitive guard tests
CMP-G3-W03-T020,LFOS-G7-W13-T001..LFOS-G7-W13-T008,reordered,packages/hrx; apps/api/src/routes/hrx; apps/web/src/people,requires People/HRX runtime validator before Matter/Staffing because MatterTeam references Employee,yes only after G1/G2 and HR-sensitive guard tests
CMP-G3-W03-T021,LFOS-G7-W13-T001..LFOS-G7-W13-T008,reordered,packages/hrx; apps/api/src/routes/hrx; apps/web/src/people,requires People/HRX runtime validator before Matter/Staffing because MatterTeam references Employee,yes only after G1/G2 and HR-sensitive guard tests
CMP-G3-W03-T022,LFOS-G7-W13-T001..LFOS-G7-W13-T008,reordered,packages/hrx; apps/api/src/routes/hrx; apps/web/src/people,requires People/HRX runtime validator before Matter/Staffing because MatterTeam references Employee,yes only after G1/G2 and HR-sensitive guard tests
CMP-G3-W03-T023,LFOS-G7-W13-T001..LFOS-G7-W13-T008,reordered,packages/hrx; apps/api/src/routes/hrx; apps/web/src/people,requires People/HRX runtime validator before Matter/Staffing because MatterTeam references Employee,yes only after G1/G2 and HR-sensitive guard tests
CMP-G3-W03-T024,LFOS-G7-W13-T001..LFOS-G7-W13-T008,reordered,packages/hrx; apps/api/src/routes/hrx; apps/web/src/people,requires People/HRX runtime validator before Matter/Staffing because MatterTeam references Employee,yes only after G1/G2 and HR-sensitive guard tests
CMP-G4-W04-T001,LFOS-G4-W05-T001..LFOS-G4-W05-T014,reordered,packages/matter; apps/api/src; apps/web/src,requires CRM/Intake clearance before Matter opening runtime readiness,yes only after clearance-token and Matter atomic-opening evidence
CMP-G4-W04-T002,LFOS-G4-W05-T001..LFOS-G4-W05-T014,reordered,packages/matter; apps/api/src; apps/web/src,requires CRM/Intake clearance before Matter opening runtime readiness,yes only after clearance-token and Matter atomic-opening evidence
CMP-G4-W04-T003,LFOS-G4-W05-T001..LFOS-G4-W05-T014,reordered,packages/matter; apps/api/src; apps/web/src,requires CRM/Intake clearance before Matter opening runtime readiness,yes only after clearance-token and Matter atomic-opening evidence
CMP-G4-W04-T004,LFOS-G4-W05-T001..LFOS-G4-W05-T014,reordered,packages/matter; apps/api/src; apps/web/src,requires CRM/Intake clearance before Matter opening runtime readiness,yes only after clearance-token and Matter atomic-opening evidence
CMP-G4-W04-T005,LFOS-G4-W05-T001..LFOS-G4-W05-T014,reordered,packages/matter; apps/api/src; apps/web/src,requires CRM/Intake clearance before Matter opening runtime readiness,yes only after clearance-token and Matter atomic-opening evidence
CMP-G4-W04-T006,LFOS-G4-W05-T001..LFOS-G4-W05-T014,reordered,packages/matter; apps/api/src; apps/web/src,requires CRM/Intake clearance before Matter opening runtime readiness,yes only after clearance-token and Matter atomic-opening evidence
CMP-G4-W04-T007,LFOS-G4-W05-T001..LFOS-G4-W05-T014,reordered,packages/matter; apps/api/src; apps/web/src,requires CRM/Intake clearance before Matter opening runtime readiness,yes only after clearance-token and Matter atomic-opening evidence
CMP-G4-W04-T008,LFOS-G4-W05-T001..LFOS-G4-W05-T014,reordered,packages/matter; apps/api/src; apps/web/src,requires CRM/Intake clearance before Matter opening runtime readiness,yes only after clearance-token and Matter atomic-opening evidence
CMP-G4-W04-T009,LFOS-G4-W05-T001..LFOS-G4-W05-T014,reordered,packages/matter; apps/api/src; apps/web/src,requires CRM/Intake clearance before Matter opening runtime readiness,yes only after clearance-token and Matter atomic-opening evidence
CMP-G4-W04-T010,LFOS-G4-W05-T001..LFOS-G4-W05-T014,reordered,packages/matter; apps/api/src; apps/web/src,requires CRM/Intake clearance before Matter opening runtime readiness,yes only after clearance-token and Matter atomic-opening evidence
CMP-G4-W04-T011,LFOS-G4-W05-T001..LFOS-G4-W05-T014,reordered,packages/matter; apps/api/src; apps/web/src,requires CRM/Intake clearance before Matter opening runtime readiness,yes only after clearance-token and Matter atomic-opening evidence
CMP-G4-W04-T012,LFOS-G4-W05-T001..LFOS-G4-W05-T014,reordered,packages/matter; apps/api/src; apps/web/src,requires CRM/Intake clearance before Matter opening runtime readiness,yes only after clearance-token and Matter atomic-opening evidence
CMP-G4-W04-T013,LFOS-G4-W05-T001..LFOS-G4-W05-T014,reordered,packages/matter; apps/api/src; apps/web/src,requires CRM/Intake clearance before Matter opening runtime readiness,yes only after clearance-token and Matter atomic-opening evidence
CMP-G4-W04-T014,LFOS-G4-W05-T001..LFOS-G4-W05-T014,reordered,packages/matter; apps/api/src; apps/web/src,requires CRM/Intake clearance before Matter opening runtime readiness,yes only after clearance-token and Matter atomic-opening evidence
CMP-G4-W04-T015,LFOS-G4-W05-T001..LFOS-G4-W05-T014,reordered,packages/matter; apps/api/src; apps/web/src,requires CRM/Intake clearance before Matter opening runtime readiness,yes only after clearance-token and Matter atomic-opening evidence
CMP-G4-W04-T016,LFOS-G4-W05-T001..LFOS-G4-W05-T014,reordered,packages/matter; apps/api/src; apps/web/src,requires CRM/Intake clearance before Matter opening runtime readiness,yes only after clearance-token and Matter atomic-opening evidence
CMP-G4-W04-T017,LFOS-G4-W05-T001..LFOS-G4-W05-T014,reordered,packages/matter; apps/api/src; apps/web/src,requires CRM/Intake clearance before Matter opening runtime readiness,yes only after clearance-token and Matter atomic-opening evidence
CMP-G4-W04-T018,LFOS-G4-W05-T001..LFOS-G4-W05-T014,reordered,packages/matter; apps/api/src; apps/web/src,requires CRM/Intake clearance before Matter opening runtime readiness,yes only after clearance-token and Matter atomic-opening evidence
CMP-G4-W04-T019,LFOS-G4-W05-T001..LFOS-G4-W05-T014,reordered,packages/matter; apps/api/src; apps/web/src,requires CRM/Intake clearance before Matter opening runtime readiness,yes only after clearance-token and Matter atomic-opening evidence
CMP-G4-W04-T020,LFOS-G4-W05-T001..LFOS-G4-W05-T014,reordered,packages/matter; apps/api/src; apps/web/src,requires CRM/Intake clearance before Matter opening runtime readiness,yes only after clearance-token and Matter atomic-opening evidence
CMP-G4-W04-T021,LFOS-G4-W05-T001..LFOS-G4-W05-T014,reordered,packages/matter; apps/api/src; apps/web/src,requires CRM/Intake clearance before Matter opening runtime readiness,yes only after clearance-token and Matter atomic-opening evidence
CMP-G4-W04-T022,LFOS-G4-W05-T001..LFOS-G4-W05-T014,reordered,packages/matter; apps/api/src; apps/web/src,requires CRM/Intake clearance before Matter opening runtime readiness,yes only after clearance-token and Matter atomic-opening evidence
CMP-G4-W04-T023,LFOS-G4-W05-T001..LFOS-G4-W05-T014,reordered,packages/matter; apps/api/src; apps/web/src,requires CRM/Intake clearance before Matter opening runtime readiness,yes only after clearance-token and Matter atomic-opening evidence
CMP-G5-W05-T001,LFOS-G4-W06-T001..LFOS-G4-W06-T016,supersedes,packages/dms; packages/email-dms; packages/search; packages/data-room; apps/api/src,requires Vault/DMS runtime validator and permission-before-search evidence,yes only after Vault write/search/share audit evidence
CMP-G5-W05-T002,LFOS-G4-W06-T001..LFOS-G4-W06-T016,supersedes,packages/dms; packages/email-dms; packages/search; packages/data-room; apps/api/src,requires Vault/DMS runtime validator and permission-before-search evidence,yes only after Vault write/search/share audit evidence
CMP-G5-W05-T003,LFOS-G4-W06-T001..LFOS-G4-W06-T016,supersedes,packages/dms; packages/email-dms; packages/search; packages/data-room; apps/api/src,requires Vault/DMS runtime validator and permission-before-search evidence,yes only after Vault write/search/share audit evidence
CMP-G5-W05-T004,LFOS-G4-W06-T001..LFOS-G4-W06-T016,supersedes,packages/dms; packages/email-dms; packages/search; packages/data-room; apps/api/src,requires Vault/DMS runtime validator and permission-before-search evidence,yes only after Vault write/search/share audit evidence
CMP-G5-W05-T005,LFOS-G4-W06-T001..LFOS-G4-W06-T016,supersedes,packages/dms; packages/email-dms; packages/search; packages/data-room; apps/api/src,requires Vault/DMS runtime validator and permission-before-search evidence,yes only after Vault write/search/share audit evidence
CMP-G5-W05-T006,LFOS-G4-W06-T001..LFOS-G4-W06-T016,supersedes,packages/dms; packages/email-dms; packages/search; packages/data-room; apps/api/src,requires Vault/DMS runtime validator and permission-before-search evidence,yes only after Vault write/search/share audit evidence
CMP-G5-W05-T007,LFOS-G4-W06-T001..LFOS-G4-W06-T016,supersedes,packages/dms; packages/email-dms; packages/search; packages/data-room; apps/api/src,requires Vault/DMS runtime validator and permission-before-search evidence,yes only after Vault write/search/share audit evidence
CMP-G5-W05-T008,LFOS-G4-W06-T001..LFOS-G4-W06-T016,supersedes,packages/dms; packages/email-dms; packages/search; packages/data-room; apps/api/src,requires Vault/DMS runtime validator and permission-before-search evidence,yes only after Vault write/search/share audit evidence
CMP-G5-W05-T009,LFOS-G4-W06-T001..LFOS-G4-W06-T016,supersedes,packages/dms; packages/email-dms; packages/search; packages/data-room; apps/api/src,requires Vault/DMS runtime validator and permission-before-search evidence,yes only after Vault write/search/share audit evidence
CMP-G5-W05-T010,LFOS-G4-W06-T001..LFOS-G4-W06-T016,supersedes,packages/dms; packages/email-dms; packages/search; packages/data-room; apps/api/src,requires Vault/DMS runtime validator and permission-before-search evidence,yes only after Vault write/search/share audit evidence
CMP-G5-W05-T011,LFOS-G4-W06-T001..LFOS-G4-W06-T016,supersedes,packages/dms; packages/email-dms; packages/search; packages/data-room; apps/api/src,requires Vault/DMS runtime validator and permission-before-search evidence,yes only after Vault write/search/share audit evidence
CMP-G5-W05-T012,LFOS-G4-W06-T001..LFOS-G4-W06-T016,supersedes,packages/dms; packages/email-dms; packages/search; packages/data-room; apps/api/src,requires Vault/DMS runtime validator and permission-before-search evidence,yes only after Vault write/search/share audit evidence
CMP-G5-W05-T013,LFOS-G4-W06-T001..LFOS-G4-W06-T016,supersedes,packages/dms; packages/email-dms; packages/search; packages/data-room; apps/api/src,requires Vault/DMS runtime validator and permission-before-search evidence,yes only after Vault write/search/share audit evidence
CMP-G5-W05-T014,LFOS-G4-W06-T001..LFOS-G4-W06-T016,supersedes,packages/dms; packages/email-dms; packages/search; packages/data-room; apps/api/src,requires Vault/DMS runtime validator and permission-before-search evidence,yes only after Vault write/search/share audit evidence
CMP-G5-W05-T015,LFOS-G4-W06-T001..LFOS-G4-W06-T016,supersedes,packages/dms; packages/email-dms; packages/search; packages/data-room; apps/api/src,requires Vault/DMS runtime validator and permission-before-search evidence,yes only after Vault write/search/share audit evidence
CMP-G5-W05-T016,LFOS-G4-W06-T001..LFOS-G4-W06-T016,supersedes,packages/dms; packages/email-dms; packages/search; packages/data-room; apps/api/src,requires Vault/DMS runtime validator and permission-before-search evidence,yes only after Vault write/search/share audit evidence
CMP-G5-W05-T017,LFOS-G4-W06-T001..LFOS-G4-W06-T016,supersedes,packages/dms; packages/email-dms; packages/search; packages/data-room; apps/api/src,requires Vault/DMS runtime validator and permission-before-search evidence,yes only after Vault write/search/share audit evidence
CMP-G5-W05-T018,LFOS-G4-W06-T001..LFOS-G4-W06-T016,supersedes,packages/dms; packages/email-dms; packages/search; packages/data-room; apps/api/src,requires Vault/DMS runtime validator and permission-before-search evidence,yes only after Vault write/search/share audit evidence
CMP-G5-W05-T019,LFOS-G4-W06-T001..LFOS-G4-W06-T016,supersedes,packages/dms; packages/email-dms; packages/search; packages/data-room; apps/api/src,requires Vault/DMS runtime validator and permission-before-search evidence,yes only after Vault write/search/share audit evidence
CMP-G5-W05-T020,LFOS-G4-W06-T001..LFOS-G4-W06-T016,supersedes,packages/dms; packages/email-dms; packages/search; packages/data-room; apps/api/src,requires Vault/DMS runtime validator and permission-before-search evidence,yes only after Vault write/search/share audit evidence
CMP-G5-W05-T021,LFOS-G4-W06-T001..LFOS-G4-W06-T016,supersedes,packages/dms; packages/email-dms; packages/search; packages/data-room; apps/api/src,requires Vault/DMS runtime validator and permission-before-search evidence,yes only after Vault write/search/share audit evidence
CMP-G5-W05-T022,LFOS-G4-W06-T001..LFOS-G4-W06-T016,supersedes,packages/dms; packages/email-dms; packages/search; packages/data-room; apps/api/src,requires Vault/DMS runtime validator and permission-before-search evidence,yes only after Vault write/search/share audit evidence
CMP-G5-W05-T023,LFOS-G4-W06-T001..LFOS-G4-W06-T016,supersedes,packages/dms; packages/email-dms; packages/search; packages/data-room; apps/api/src,requires Vault/DMS runtime validator and permission-before-search evidence,yes only after Vault write/search/share audit evidence
CMP-G5-W05-T024,LFOS-G4-W06-T001..LFOS-G4-W06-T016,supersedes,packages/dms; packages/email-dms; packages/search; packages/data-room; apps/api/src,requires Vault/DMS runtime validator and permission-before-search evidence,yes only after Vault write/search/share audit evidence
CMP-G5-W05-T025,LFOS-G4-W06-T001..LFOS-G4-W06-T016,supersedes,packages/dms; packages/email-dms; packages/search; packages/data-room; apps/api/src,requires Vault/DMS runtime validator and permission-before-search evidence,yes only after Vault write/search/share audit evidence
CMP-G5-W05-T026,LFOS-G4-W06-T001..LFOS-G4-W06-T016,supersedes,packages/dms; packages/email-dms; packages/search; packages/data-room; apps/api/src,requires Vault/DMS runtime validator and permission-before-search evidence,yes only after Vault write/search/share audit evidence
CMP-G5-W05-T027,LFOS-G4-W06-T001..LFOS-G4-W06-T016,supersedes,packages/dms; packages/email-dms; packages/search; packages/data-room; apps/api/src,requires Vault/DMS runtime validator and permission-before-search evidence,yes only after Vault write/search/share audit evidence
CMP-G5-W05-T028,LFOS-G4-W06-T001..LFOS-G4-W06-T016,supersedes,packages/dms; packages/email-dms; packages/search; packages/data-room; apps/api/src,requires Vault/DMS runtime validator and permission-before-search evidence,yes only after Vault write/search/share audit evidence
CMP-G5-W05-T029,LFOS-G4-W06-T001..LFOS-G4-W06-T016,supersedes,packages/dms; packages/email-dms; packages/search; packages/data-room; apps/api/src,requires Vault/DMS runtime validator and permission-before-search evidence,yes only after Vault write/search/share audit evidence
CMP-G5-W05-T030,LFOS-G4-W06-T001..LFOS-G4-W06-T016,supersedes,packages/dms; packages/email-dms; packages/search; packages/data-room; apps/api/src,requires Vault/DMS runtime validator and permission-before-search evidence,yes only after Vault write/search/share audit evidence
CMP-G5-W05-T031,LFOS-G4-W06-T001..LFOS-G4-W06-T016,supersedes,packages/dms; packages/email-dms; packages/search; packages/data-room; apps/api/src,requires Vault/DMS runtime validator and permission-before-search evidence,yes only after Vault write/search/share audit evidence
CMP-G5-W05-T032,LFOS-G4-W06-T001..LFOS-G4-W06-T016,supersedes,packages/dms; packages/email-dms; packages/search; packages/data-room; apps/api/src,requires Vault/DMS runtime validator and permission-before-search evidence,yes only after Vault write/search/share audit evidence
CMP-G6-W06-T001,LFOS-G3-W03-T001..LFOS-G3-W04-T014,reordered,packages/crm; packages/intake; apps/api/src; apps/web/src,requires CRM/Intake clearance validator before Matter runtime to block Opportunity-to-Matter bypass,yes only after Intake/Conflict/Engagement gate tests
CMP-G6-W06-T002,LFOS-G3-W03-T001..LFOS-G3-W04-T014,reordered,packages/crm; packages/intake; apps/api/src; apps/web/src,requires CRM/Intake clearance validator before Matter runtime to block Opportunity-to-Matter bypass,yes only after Intake/Conflict/Engagement gate tests
CMP-G6-W06-T003,LFOS-G3-W03-T001..LFOS-G3-W04-T014,reordered,packages/crm; packages/intake; apps/api/src; apps/web/src,requires CRM/Intake clearance validator before Matter runtime to block Opportunity-to-Matter bypass,yes only after Intake/Conflict/Engagement gate tests
CMP-G6-W06-T004,LFOS-G3-W03-T001..LFOS-G3-W04-T014,reordered,packages/crm; packages/intake; apps/api/src; apps/web/src,requires CRM/Intake clearance validator before Matter runtime to block Opportunity-to-Matter bypass,yes only after Intake/Conflict/Engagement gate tests
CMP-G6-W06-T005,LFOS-G3-W03-T001..LFOS-G3-W04-T014,reordered,packages/crm; packages/intake; apps/api/src; apps/web/src,requires CRM/Intake clearance validator before Matter runtime to block Opportunity-to-Matter bypass,yes only after Intake/Conflict/Engagement gate tests
CMP-G6-W06-T006,LFOS-G3-W03-T001..LFOS-G3-W04-T014,reordered,packages/crm; packages/intake; apps/api/src; apps/web/src,requires CRM/Intake clearance validator before Matter runtime to block Opportunity-to-Matter bypass,yes only after Intake/Conflict/Engagement gate tests
CMP-G6-W06-T007,LFOS-G3-W03-T001..LFOS-G3-W04-T014,reordered,packages/crm; packages/intake; apps/api/src; apps/web/src,requires CRM/Intake clearance validator before Matter runtime to block Opportunity-to-Matter bypass,yes only after Intake/Conflict/Engagement gate tests
CMP-G6-W06-T008,LFOS-G3-W03-T001..LFOS-G3-W04-T014,reordered,packages/crm; packages/intake; apps/api/src; apps/web/src,requires CRM/Intake clearance validator before Matter runtime to block Opportunity-to-Matter bypass,yes only after Intake/Conflict/Engagement gate tests
CMP-G6-W06-T009,LFOS-G3-W03-T001..LFOS-G3-W04-T014,reordered,packages/crm; packages/intake; apps/api/src; apps/web/src,requires CRM/Intake clearance validator before Matter runtime to block Opportunity-to-Matter bypass,yes only after Intake/Conflict/Engagement gate tests
CMP-G6-W06-T010,LFOS-G3-W03-T001..LFOS-G3-W04-T014,reordered,packages/crm; packages/intake; apps/api/src; apps/web/src,requires CRM/Intake clearance validator before Matter runtime to block Opportunity-to-Matter bypass,yes only after Intake/Conflict/Engagement gate tests
CMP-G6-W06-T011,LFOS-G3-W03-T001..LFOS-G3-W04-T014,reordered,packages/crm; packages/intake; apps/api/src; apps/web/src,requires CRM/Intake clearance validator before Matter runtime to block Opportunity-to-Matter bypass,yes only after Intake/Conflict/Engagement gate tests
CMP-G6-W06-T012,LFOS-G3-W03-T001..LFOS-G3-W04-T014,reordered,packages/crm; packages/intake; apps/api/src; apps/web/src,requires CRM/Intake clearance validator before Matter runtime to block Opportunity-to-Matter bypass,yes only after Intake/Conflict/Engagement gate tests
CMP-G6-W06-T013,LFOS-G3-W03-T001..LFOS-G3-W04-T014,reordered,packages/crm; packages/intake; apps/api/src; apps/web/src,requires CRM/Intake clearance validator before Matter runtime to block Opportunity-to-Matter bypass,yes only after Intake/Conflict/Engagement gate tests
CMP-G6-W06-T014,LFOS-G3-W03-T001..LFOS-G3-W04-T014,reordered,packages/crm; packages/intake; apps/api/src; apps/web/src,requires CRM/Intake clearance validator before Matter runtime to block Opportunity-to-Matter bypass,yes only after Intake/Conflict/Engagement gate tests
CMP-G6-W06-T015,LFOS-G3-W03-T001..LFOS-G3-W04-T014,reordered,packages/crm; packages/intake; apps/api/src; apps/web/src,requires CRM/Intake clearance validator before Matter runtime to block Opportunity-to-Matter bypass,yes only after Intake/Conflict/Engagement gate tests
CMP-G6-W06-T016,LFOS-G3-W03-T001..LFOS-G3-W04-T014,reordered,packages/crm; packages/intake; apps/api/src; apps/web/src,requires CRM/Intake clearance validator before Matter runtime to block Opportunity-to-Matter bypass,yes only after Intake/Conflict/Engagement gate tests
CMP-G6-W06-T017,LFOS-G3-W03-T001..LFOS-G3-W04-T014,reordered,packages/crm; packages/intake; apps/api/src; apps/web/src,requires CRM/Intake clearance validator before Matter runtime to block Opportunity-to-Matter bypass,yes only after Intake/Conflict/Engagement gate tests
CMP-G6-W06-T018,LFOS-G3-W03-T001..LFOS-G3-W04-T014,reordered,packages/crm; packages/intake; apps/api/src; apps/web/src,requires CRM/Intake clearance validator before Matter runtime to block Opportunity-to-Matter bypass,yes only after Intake/Conflict/Engagement gate tests
CMP-G6-W06-T019,LFOS-G3-W03-T001..LFOS-G3-W04-T014,reordered,packages/crm; packages/intake; apps/api/src; apps/web/src,requires CRM/Intake clearance validator before Matter runtime to block Opportunity-to-Matter bypass,yes only after Intake/Conflict/Engagement gate tests
CMP-G6-W06-T020,LFOS-G3-W03-T001..LFOS-G3-W04-T014,reordered,packages/crm; packages/intake; apps/api/src; apps/web/src,requires CRM/Intake clearance validator before Matter runtime to block Opportunity-to-Matter bypass,yes only after Intake/Conflict/Engagement gate tests
CMP-G6-W06-T021,LFOS-G3-W03-T001..LFOS-G3-W04-T014,reordered,packages/crm; packages/intake; apps/api/src; apps/web/src,requires CRM/Intake clearance validator before Matter runtime to block Opportunity-to-Matter bypass,yes only after Intake/Conflict/Engagement gate tests
CMP-G6-W06-T022,LFOS-G3-W03-T001..LFOS-G3-W04-T014,reordered,packages/crm; packages/intake; apps/api/src; apps/web/src,requires CRM/Intake clearance validator before Matter runtime to block Opportunity-to-Matter bypass,yes only after Intake/Conflict/Engagement gate tests
CMP-G7-W07-T001,LFOS-G5-W07-T001..LFOS-G5-W08-T014,supersedes,packages/time-expense; packages/billing; packages/payments; packages/settlement; packages/finance-integrations,requires Employee+Matter cost basis and revenue workflow validators,yes only after finance write/audit/idempotency evidence
CMP-G7-W07-T002,LFOS-G5-W07-T001..LFOS-G5-W08-T014,supersedes,packages/time-expense; packages/billing; packages/payments; packages/settlement; packages/finance-integrations,requires Employee+Matter cost basis and revenue workflow validators,yes only after finance write/audit/idempotency evidence
CMP-G7-W07-T003,LFOS-G5-W07-T001..LFOS-G5-W08-T014,supersedes,packages/time-expense; packages/billing; packages/payments; packages/settlement; packages/finance-integrations,requires Employee+Matter cost basis and revenue workflow validators,yes only after finance write/audit/idempotency evidence
CMP-G7-W07-T004,LFOS-G5-W07-T001..LFOS-G5-W08-T014,supersedes,packages/time-expense; packages/billing; packages/payments; packages/settlement; packages/finance-integrations,requires Employee+Matter cost basis and revenue workflow validators,yes only after finance write/audit/idempotency evidence
CMP-G7-W07-T005,LFOS-G5-W07-T001..LFOS-G5-W08-T014,supersedes,packages/time-expense; packages/billing; packages/payments; packages/settlement; packages/finance-integrations,requires Employee+Matter cost basis and revenue workflow validators,yes only after finance write/audit/idempotency evidence
CMP-G7-W07-T006,LFOS-G5-W07-T001..LFOS-G5-W08-T014,supersedes,packages/time-expense; packages/billing; packages/payments; packages/settlement; packages/finance-integrations,requires Employee+Matter cost basis and revenue workflow validators,yes only after finance write/audit/idempotency evidence
CMP-G7-W07-T007,LFOS-G5-W07-T001..LFOS-G5-W08-T014,supersedes,packages/time-expense; packages/billing; packages/payments; packages/settlement; packages/finance-integrations,requires Employee+Matter cost basis and revenue workflow validators,yes only after finance write/audit/idempotency evidence
CMP-G7-W07-T008,LFOS-G5-W07-T001..LFOS-G5-W08-T014,supersedes,packages/time-expense; packages/billing; packages/payments; packages/settlement; packages/finance-integrations,requires Employee+Matter cost basis and revenue workflow validators,yes only after finance write/audit/idempotency evidence
CMP-G7-W07-T009,LFOS-G5-W07-T001..LFOS-G5-W08-T014,supersedes,packages/time-expense; packages/billing; packages/payments; packages/settlement; packages/finance-integrations,requires Employee+Matter cost basis and revenue workflow validators,yes only after finance write/audit/idempotency evidence
CMP-G7-W07-T010,LFOS-G5-W07-T001..LFOS-G5-W08-T014,supersedes,packages/time-expense; packages/billing; packages/payments; packages/settlement; packages/finance-integrations,requires Employee+Matter cost basis and revenue workflow validators,yes only after finance write/audit/idempotency evidence
CMP-G7-W07-T011,LFOS-G5-W07-T001..LFOS-G5-W08-T014,supersedes,packages/time-expense; packages/billing; packages/payments; packages/settlement; packages/finance-integrations,requires Employee+Matter cost basis and revenue workflow validators,yes only after finance write/audit/idempotency evidence
CMP-G7-W07-T012,LFOS-G5-W07-T001..LFOS-G5-W08-T014,supersedes,packages/time-expense; packages/billing; packages/payments; packages/settlement; packages/finance-integrations,requires Employee+Matter cost basis and revenue workflow validators,yes only after finance write/audit/idempotency evidence
CMP-G7-W07-T013,LFOS-G5-W07-T001..LFOS-G5-W08-T014,supersedes,packages/time-expense; packages/billing; packages/payments; packages/settlement; packages/finance-integrations,requires Employee+Matter cost basis and revenue workflow validators,yes only after finance write/audit/idempotency evidence
CMP-G7-W07-T014,LFOS-G5-W07-T001..LFOS-G5-W08-T014,supersedes,packages/time-expense; packages/billing; packages/payments; packages/settlement; packages/finance-integrations,requires Employee+Matter cost basis and revenue workflow validators,yes only after finance write/audit/idempotency evidence
CMP-G7-W07-T015,LFOS-G5-W07-T001..LFOS-G5-W08-T014,supersedes,packages/time-expense; packages/billing; packages/payments; packages/settlement; packages/finance-integrations,requires Employee+Matter cost basis and revenue workflow validators,yes only after finance write/audit/idempotency evidence
CMP-G7-W07-T016,LFOS-G5-W07-T001..LFOS-G5-W08-T014,supersedes,packages/time-expense; packages/billing; packages/payments; packages/settlement; packages/finance-integrations,requires Employee+Matter cost basis and revenue workflow validators,yes only after finance write/audit/idempotency evidence
CMP-G7-W07-T017,LFOS-G5-W07-T001..LFOS-G5-W08-T014,supersedes,packages/time-expense; packages/billing; packages/payments; packages/settlement; packages/finance-integrations,requires Employee+Matter cost basis and revenue workflow validators,yes only after finance write/audit/idempotency evidence
CMP-G7-W07-T018,LFOS-G5-W07-T001..LFOS-G5-W08-T014,supersedes,packages/time-expense; packages/billing; packages/payments; packages/settlement; packages/finance-integrations,requires Employee+Matter cost basis and revenue workflow validators,yes only after finance write/audit/idempotency evidence
CMP-G7-W07-T019,LFOS-G5-W07-T001..LFOS-G5-W08-T014,supersedes,packages/time-expense; packages/billing; packages/payments; packages/settlement; packages/finance-integrations,requires Employee+Matter cost basis and revenue workflow validators,yes only after finance write/audit/idempotency evidence
CMP-G7-W07-T020,LFOS-G5-W07-T001..LFOS-G5-W08-T014,supersedes,packages/time-expense; packages/billing; packages/payments; packages/settlement; packages/finance-integrations,requires Employee+Matter cost basis and revenue workflow validators,yes only after finance write/audit/idempotency evidence
CMP-G7-W07-T021,LFOS-G5-W07-T001..LFOS-G5-W08-T014,supersedes,packages/time-expense; packages/billing; packages/payments; packages/settlement; packages/finance-integrations,requires Employee+Matter cost basis and revenue workflow validators,yes only after finance write/audit/idempotency evidence
CMP-G7-W07-T022,LFOS-G5-W07-T001..LFOS-G5-W08-T014,supersedes,packages/time-expense; packages/billing; packages/payments; packages/settlement; packages/finance-integrations,requires Employee+Matter cost basis and revenue workflow validators,yes only after finance write/audit/idempotency evidence
CMP-G7-W07-T023,LFOS-G5-W07-T001..LFOS-G5-W08-T014,supersedes,packages/time-expense; packages/billing; packages/payments; packages/settlement; packages/finance-integrations,requires Employee+Matter cost basis and revenue workflow validators,yes only after finance write/audit/idempotency evidence
CMP-G7-W07-T024,LFOS-G5-W07-T001..LFOS-G5-W08-T014,supersedes,packages/time-expense; packages/billing; packages/payments; packages/settlement; packages/finance-integrations,requires Employee+Matter cost basis and revenue workflow validators,yes only after finance write/audit/idempotency evidence
CMP-G7-W07-T025,LFOS-G5-W07-T001..LFOS-G5-W08-T014,supersedes,packages/time-expense; packages/billing; packages/payments; packages/settlement; packages/finance-integrations,requires Employee+Matter cost basis and revenue workflow validators,yes only after finance write/audit/idempotency evidence
CMP-G7-W07-T026,LFOS-G5-W07-T001..LFOS-G5-W08-T014,supersedes,packages/time-expense; packages/billing; packages/payments; packages/settlement; packages/finance-integrations,requires Employee+Matter cost basis and revenue workflow validators,yes only after finance write/audit/idempotency evidence
CMP-G8-W08-T001,LFOS-G6-W09-T001..LFOS-G6-W09-T010,supersedes,packages/analytics; apps/web/src; docs/launch/kpi,requires read-model-only validator to prove no source mutation,yes for read-model runtime only after source-mutation negative tests
CMP-G8-W08-T002,LFOS-G6-W09-T001..LFOS-G6-W09-T010,supersedes,packages/analytics; apps/web/src; docs/launch/kpi,requires read-model-only validator to prove no source mutation,yes for read-model runtime only after source-mutation negative tests
CMP-G8-W08-T003,LFOS-G6-W09-T001..LFOS-G6-W09-T010,supersedes,packages/analytics; apps/web/src; docs/launch/kpi,requires read-model-only validator to prove no source mutation,yes for read-model runtime only after source-mutation negative tests
CMP-G8-W08-T004,LFOS-G6-W09-T001..LFOS-G6-W09-T010,supersedes,packages/analytics; apps/web/src; docs/launch/kpi,requires read-model-only validator to prove no source mutation,yes for read-model runtime only after source-mutation negative tests
CMP-G8-W08-T005,LFOS-G6-W09-T001..LFOS-G6-W09-T010,supersedes,packages/analytics; apps/web/src; docs/launch/kpi,requires read-model-only validator to prove no source mutation,yes for read-model runtime only after source-mutation negative tests
CMP-G8-W08-T006,LFOS-G6-W09-T001..LFOS-G6-W09-T010,supersedes,packages/analytics; apps/web/src; docs/launch/kpi,requires read-model-only validator to prove no source mutation,yes for read-model runtime only after source-mutation negative tests
CMP-G8-W08-T007,LFOS-G6-W09-T001..LFOS-G6-W09-T010,supersedes,packages/analytics; apps/web/src; docs/launch/kpi,requires read-model-only validator to prove no source mutation,yes for read-model runtime only after source-mutation negative tests
CMP-G8-W08-T008,LFOS-G6-W09-T001..LFOS-G6-W09-T010,supersedes,packages/analytics; apps/web/src; docs/launch/kpi,requires read-model-only validator to prove no source mutation,yes for read-model runtime only after source-mutation negative tests
CMP-G8-W08-T009,LFOS-G6-W09-T001..LFOS-G6-W09-T010,supersedes,packages/analytics; apps/web/src; docs/launch/kpi,requires read-model-only validator to prove no source mutation,yes for read-model runtime only after source-mutation negative tests
CMP-G8-W08-T010,LFOS-G6-W09-T001..LFOS-G6-W09-T010,supersedes,packages/analytics; apps/web/src; docs/launch/kpi,requires read-model-only validator to prove no source mutation,yes for read-model runtime only after source-mutation negative tests
CMP-G8-W08-T011,LFOS-G6-W09-T001..LFOS-G6-W09-T010,supersedes,packages/analytics; apps/web/src; docs/launch/kpi,requires read-model-only validator to prove no source mutation,yes for read-model runtime only after source-mutation negative tests
CMP-G8-W08-T012,LFOS-G6-W09-T001..LFOS-G6-W09-T010,supersedes,packages/analytics; apps/web/src; docs/launch/kpi,requires read-model-only validator to prove no source mutation,yes for read-model runtime only after source-mutation negative tests
CMP-G8-W08-T013,LFOS-G6-W09-T001..LFOS-G6-W09-T010,supersedes,packages/analytics; apps/web/src; docs/launch/kpi,requires read-model-only validator to prove no source mutation,yes for read-model runtime only after source-mutation negative tests
CMP-G8-W08-T014,LFOS-G6-W09-T001..LFOS-G6-W09-T010,supersedes,packages/analytics; apps/web/src; docs/launch/kpi,requires read-model-only validator to prove no source mutation,yes for read-model runtime only after source-mutation negative tests
CMP-G9-W09-T001,LFOS-G6-W10-T001..LFOS-G6-W10-T012,supersedes,packages/ai-governance; packages/ai-legal-workflows; packages/search; apps/web/src,requires permission-before-AI and citation/human-review validators,yes only after retrieval authorization and human review evidence
CMP-G9-W09-T002,LFOS-G6-W10-T001..LFOS-G6-W10-T012,supersedes,packages/ai-governance; packages/ai-legal-workflows; packages/search; apps/web/src,requires permission-before-AI and citation/human-review validators,yes only after retrieval authorization and human review evidence
CMP-G9-W09-T003,LFOS-G6-W10-T001..LFOS-G6-W10-T012,supersedes,packages/ai-governance; packages/ai-legal-workflows; packages/search; apps/web/src,requires permission-before-AI and citation/human-review validators,yes only after retrieval authorization and human review evidence
CMP-G9-W09-T004,LFOS-G6-W10-T001..LFOS-G6-W10-T012,supersedes,packages/ai-governance; packages/ai-legal-workflows; packages/search; apps/web/src,requires permission-before-AI and citation/human-review validators,yes only after retrieval authorization and human review evidence
CMP-G9-W09-T005,LFOS-G6-W10-T001..LFOS-G6-W10-T012,supersedes,packages/ai-governance; packages/ai-legal-workflows; packages/search; apps/web/src,requires permission-before-AI and citation/human-review validators,yes only after retrieval authorization and human review evidence
CMP-G9-W09-T006,LFOS-G6-W10-T001..LFOS-G6-W10-T012,supersedes,packages/ai-governance; packages/ai-legal-workflows; packages/search; apps/web/src,requires permission-before-AI and citation/human-review validators,yes only after retrieval authorization and human review evidence
CMP-G9-W09-T007,LFOS-G6-W10-T001..LFOS-G6-W10-T012,supersedes,packages/ai-governance; packages/ai-legal-workflows; packages/search; apps/web/src,requires permission-before-AI and citation/human-review validators,yes only after retrieval authorization and human review evidence
CMP-G9-W09-T008,LFOS-G6-W10-T001..LFOS-G6-W10-T012,supersedes,packages/ai-governance; packages/ai-legal-workflows; packages/search; apps/web/src,requires permission-before-AI and citation/human-review validators,yes only after retrieval authorization and human review evidence
CMP-G9-W09-T009,LFOS-G6-W10-T001..LFOS-G6-W10-T012,supersedes,packages/ai-governance; packages/ai-legal-workflows; packages/search; apps/web/src,requires permission-before-AI and citation/human-review validators,yes only after retrieval authorization and human review evidence
CMP-G9-W09-T010,LFOS-G6-W10-T001..LFOS-G6-W10-T012,supersedes,packages/ai-governance; packages/ai-legal-workflows; packages/search; apps/web/src,requires permission-before-AI and citation/human-review validators,yes only after retrieval authorization and human review evidence
CMP-G9-W09-T011,LFOS-G6-W10-T001..LFOS-G6-W10-T012,supersedes,packages/ai-governance; packages/ai-legal-workflows; packages/search; apps/web/src,requires permission-before-AI and citation/human-review validators,yes only after retrieval authorization and human review evidence
CMP-G9-W09-T012,LFOS-G6-W10-T001..LFOS-G6-W10-T012,supersedes,packages/ai-governance; packages/ai-legal-workflows; packages/search; apps/web/src,requires permission-before-AI and citation/human-review validators,yes only after retrieval authorization and human review evidence
CMP-G9-W09-T013,LFOS-G6-W10-T001..LFOS-G6-W10-T012,supersedes,packages/ai-governance; packages/ai-legal-workflows; packages/search; apps/web/src,requires permission-before-AI and citation/human-review validators,yes only after retrieval authorization and human review evidence
CMP-G9-W09-T014,LFOS-G6-W10-T001..LFOS-G6-W10-T012,supersedes,packages/ai-governance; packages/ai-legal-workflows; packages/search; apps/web/src,requires permission-before-AI and citation/human-review validators,yes only after retrieval authorization and human review evidence
CMP-G9-W09-T015,LFOS-G6-W10-T001..LFOS-G6-W10-T012,supersedes,packages/ai-governance; packages/ai-legal-workflows; packages/search; apps/web/src,requires permission-before-AI and citation/human-review validators,yes only after retrieval authorization and human review evidence
CMP-G9-W09-T016,LFOS-G6-W10-T001..LFOS-G6-W10-T012,supersedes,packages/ai-governance; packages/ai-legal-workflows; packages/search; apps/web/src,requires permission-before-AI and citation/human-review validators,yes only after retrieval authorization and human review evidence
CMP-G9-W09-T017,LFOS-G6-W10-T001..LFOS-G6-W10-T012,supersedes,packages/ai-governance; packages/ai-legal-workflows; packages/search; apps/web/src,requires permission-before-AI and citation/human-review validators,yes only after retrieval authorization and human review evidence
CMP-G9-W09-T018,LFOS-G6-W10-T001..LFOS-G6-W10-T012,supersedes,packages/ai-governance; packages/ai-legal-workflows; packages/search; apps/web/src,requires permission-before-AI and citation/human-review validators,yes only after retrieval authorization and human review evidence
CMP-G10-W10-T001,LFOS-G6-W11-T001..LFOS-G6-W11-T010,supersedes,packages/client-portal; packages/data-room; apps/web/src,requires projection-only portal/data-room validator and external ACL tests,yes only after external projection/audit evidence
CMP-G10-W10-T002,LFOS-G6-W11-T001..LFOS-G6-W11-T010,supersedes,packages/client-portal; packages/data-room; apps/web/src,requires projection-only portal/data-room validator and external ACL tests,yes only after external projection/audit evidence
CMP-G10-W10-T003,LFOS-G6-W11-T001..LFOS-G6-W11-T010,supersedes,packages/client-portal; packages/data-room; apps/web/src,requires projection-only portal/data-room validator and external ACL tests,yes only after external projection/audit evidence
CMP-G10-W10-T004,LFOS-G6-W11-T001..LFOS-G6-W11-T010,supersedes,packages/client-portal; packages/data-room; apps/web/src,requires projection-only portal/data-room validator and external ACL tests,yes only after external projection/audit evidence
CMP-G10-W10-T005,LFOS-G6-W11-T001..LFOS-G6-W11-T010,supersedes,packages/client-portal; packages/data-room; apps/web/src,requires projection-only portal/data-room validator and external ACL tests,yes only after external projection/audit evidence
CMP-G10-W10-T006,LFOS-G6-W11-T001..LFOS-G6-W11-T010,supersedes,packages/client-portal; packages/data-room; apps/web/src,requires projection-only portal/data-room validator and external ACL tests,yes only after external projection/audit evidence
CMP-G10-W10-T007,LFOS-G6-W11-T001..LFOS-G6-W11-T010,supersedes,packages/client-portal; packages/data-room; apps/web/src,requires projection-only portal/data-room validator and external ACL tests,yes only after external projection/audit evidence
CMP-G10-W10-T008,LFOS-G6-W11-T001..LFOS-G6-W11-T010,supersedes,packages/client-portal; packages/data-room; apps/web/src,requires projection-only portal/data-room validator and external ACL tests,yes only after external projection/audit evidence
CMP-G10-W10-T009,LFOS-G6-W11-T001..LFOS-G6-W11-T010,supersedes,packages/client-portal; packages/data-room; apps/web/src,requires projection-only portal/data-room validator and external ACL tests,yes only after external projection/audit evidence
CMP-G10-W10-T010,LFOS-G6-W11-T001..LFOS-G6-W11-T010,supersedes,packages/client-portal; packages/data-room; apps/web/src,requires projection-only portal/data-room validator and external ACL tests,yes only after external projection/audit evidence
CMP-G10-W10-T011,LFOS-G6-W11-T001..LFOS-G6-W11-T010,supersedes,packages/client-portal; packages/data-room; apps/web/src,requires projection-only portal/data-room validator and external ACL tests,yes only after external projection/audit evidence
CMP-G10-W10-T012,LFOS-G6-W11-T001..LFOS-G6-W11-T010,supersedes,packages/client-portal; packages/data-room; apps/web/src,requires projection-only portal/data-room validator and external ACL tests,yes only after external projection/audit evidence
CMP-G10-W10-T013,LFOS-G6-W11-T001..LFOS-G6-W11-T010,supersedes,packages/client-portal; packages/data-room; apps/web/src,requires projection-only portal/data-room validator and external ACL tests,yes only after external projection/audit evidence
CMP-G10-W10-T014,LFOS-G6-W11-T001..LFOS-G6-W11-T010,supersedes,packages/client-portal; packages/data-room; apps/web/src,requires projection-only portal/data-room validator and external ACL tests,yes only after external projection/audit evidence
CMP-G10-W10-T015,LFOS-G6-W11-T001..LFOS-G6-W11-T010,supersedes,packages/client-portal; packages/data-room; apps/web/src,requires projection-only portal/data-room validator and external ACL tests,yes only after external projection/audit evidence
CMP-G10-W10-T016,LFOS-G6-W11-T001..LFOS-G6-W11-T010,supersedes,packages/client-portal; packages/data-room; apps/web/src,requires projection-only portal/data-room validator and external ACL tests,yes only after external projection/audit evidence
CMP-G10-W10-T017,LFOS-G6-W11-T001..LFOS-G6-W11-T010,supersedes,packages/client-portal; packages/data-room; apps/web/src,requires projection-only portal/data-room validator and external ACL tests,yes only after external projection/audit evidence
CMP-G11-W11-T001,new UI console overlay after CMP-G1..G10 runtime evidence,new,apps/web; docs/product-ui; docs/ui-reference; tests/e2e,requires UI-state and accessibility validators tied to backend evidence,yes only after backend evidence and UI e2e coverage
CMP-G11-W11-T002,new UI console overlay after CMP-G1..G10 runtime evidence,new,apps/web; docs/product-ui; docs/ui-reference; tests/e2e,requires UI-state and accessibility validators tied to backend evidence,yes only after backend evidence and UI e2e coverage
CMP-G11-W11-T003,new UI console overlay after CMP-G1..G10 runtime evidence,new,apps/web; docs/product-ui; docs/ui-reference; tests/e2e,requires UI-state and accessibility validators tied to backend evidence,yes only after backend evidence and UI e2e coverage
CMP-G11-W11-T004,new UI console overlay after CMP-G1..G10 runtime evidence,new,apps/web; docs/product-ui; docs/ui-reference; tests/e2e,requires UI-state and accessibility validators tied to backend evidence,yes only after backend evidence and UI e2e coverage
CMP-G11-W11-T005,new UI console overlay after CMP-G1..G10 runtime evidence,new,apps/web; docs/product-ui; docs/ui-reference; tests/e2e,requires UI-state and accessibility validators tied to backend evidence,yes only after backend evidence and UI e2e coverage
CMP-G11-W11-T006,new UI console overlay after CMP-G1..G10 runtime evidence,new,apps/web; docs/product-ui; docs/ui-reference; tests/e2e,requires UI-state and accessibility validators tied to backend evidence,yes only after backend evidence and UI e2e coverage
CMP-G11-W11-T007,new UI console overlay after CMP-G1..G10 runtime evidence,new,apps/web; docs/product-ui; docs/ui-reference; tests/e2e,requires UI-state and accessibility validators tied to backend evidence,yes only after backend evidence and UI e2e coverage
CMP-G11-W11-T008,new UI console overlay after CMP-G1..G10 runtime evidence,new,apps/web; docs/product-ui; docs/ui-reference; tests/e2e,requires UI-state and accessibility validators tied to backend evidence,yes only after backend evidence and UI e2e coverage
CMP-G11-W11-T009,new UI console overlay after CMP-G1..G10 runtime evidence,new,apps/web; docs/product-ui; docs/ui-reference; tests/e2e,requires UI-state and accessibility validators tied to backend evidence,yes only after backend evidence and UI e2e coverage
CMP-G11-W11-T010,new UI console overlay after CMP-G1..G10 runtime evidence,new,apps/web; docs/product-ui; docs/ui-reference; tests/e2e,requires UI-state and accessibility validators tied to backend evidence,yes only after backend evidence and UI e2e coverage
CMP-G11-W11-T011,new UI console overlay after CMP-G1..G10 runtime evidence,new,apps/web; docs/product-ui; docs/ui-reference; tests/e2e,requires UI-state and accessibility validators tied to backend evidence,yes only after backend evidence and UI e2e coverage
CMP-G11-W11-T012,new UI console overlay after CMP-G1..G10 runtime evidence,new,apps/web; docs/product-ui; docs/ui-reference; tests/e2e,requires UI-state and accessibility validators tied to backend evidence,yes only after backend evidence and UI e2e coverage
CMP-G11-W11-T013,new UI console overlay after CMP-G1..G10 runtime evidence,new,apps/web; docs/product-ui; docs/ui-reference; tests/e2e,requires UI-state and accessibility validators tied to backend evidence,yes only after backend evidence and UI e2e coverage
CMP-G11-W11-T014,new UI console overlay after CMP-G1..G10 runtime evidence,new,apps/web; docs/product-ui; docs/ui-reference; tests/e2e,requires UI-state and accessibility validators tied to backend evidence,yes only after backend evidence and UI e2e coverage
CMP-G11-W11-T015,new UI console overlay after CMP-G1..G10 runtime evidence,new,apps/web; docs/product-ui; docs/ui-reference; tests/e2e,requires UI-state and accessibility validators tied to backend evidence,yes only after backend evidence and UI e2e coverage
CMP-G11-W11-T016,new UI console overlay after CMP-G1..G10 runtime evidence,new,apps/web; docs/product-ui; docs/ui-reference; tests/e2e,requires UI-state and accessibility validators tied to backend evidence,yes only after backend evidence and UI e2e coverage
CMP-G11-W11-T017,new UI console overlay after CMP-G1..G10 runtime evidence,new,apps/web; docs/product-ui; docs/ui-reference; tests/e2e,requires UI-state and accessibility validators tied to backend evidence,yes only after backend evidence and UI e2e coverage
CMP-G11-W11-T018,new UI console overlay after CMP-G1..G10 runtime evidence,new,apps/web; docs/product-ui; docs/ui-reference; tests/e2e,requires UI-state and accessibility validators tied to backend evidence,yes only after backend evidence and UI e2e coverage
CMP-G11-W11-T019,new UI console overlay after CMP-G1..G10 runtime evidence,new,apps/web; docs/product-ui; docs/ui-reference; tests/e2e,requires UI-state and accessibility validators tied to backend evidence,yes only after backend evidence and UI e2e coverage
CMP-G11-W11-T020,new UI console overlay after CMP-G1..G10 runtime evidence,new,apps/web; docs/product-ui; docs/ui-reference; tests/e2e,requires UI-state and accessibility validators tied to backend evidence,yes only after backend evidence and UI e2e coverage
CMP-G11-W11-T021,new UI console overlay after CMP-G1..G10 runtime evidence,new,apps/web; docs/product-ui; docs/ui-reference; tests/e2e,requires UI-state and accessibility validators tied to backend evidence,yes only after backend evidence and UI e2e coverage
CMP-G11-W11-T022,new UI console overlay after CMP-G1..G10 runtime evidence,new,apps/web; docs/product-ui; docs/ui-reference; tests/e2e,requires UI-state and accessibility validators tied to backend evidence,yes only after backend evidence and UI e2e coverage
CMP-G11-W11-T023,new UI console overlay after CMP-G1..G10 runtime evidence,new,apps/web; docs/product-ui; docs/ui-reference; tests/e2e,requires UI-state and accessibility validators tied to backend evidence,yes only after backend evidence and UI e2e coverage
CMP-G11-W11-T024,new UI console overlay after CMP-G1..G10 runtime evidence,new,apps/web; docs/product-ui; docs/ui-reference; tests/e2e,requires UI-state and accessibility validators tied to backend evidence,yes only after backend evidence and UI e2e coverage
CMP-G11-W11-T025,new UI console overlay after CMP-G1..G10 runtime evidence,new,apps/web; docs/product-ui; docs/ui-reference; tests/e2e,requires UI-state and accessibility validators tied to backend evidence,yes only after backend evidence and UI e2e coverage
CMP-G11-W11-T026,new UI console overlay after CMP-G1..G10 runtime evidence,new,apps/web; docs/product-ui; docs/ui-reference; tests/e2e,requires UI-state and accessibility validators tied to backend evidence,yes only after backend evidence and UI e2e coverage
CMP-G11-W11-T027,new UI console overlay after CMP-G1..G10 runtime evidence,new,apps/web; docs/product-ui; docs/ui-reference; tests/e2e,requires UI-state and accessibility validators tied to backend evidence,yes only after backend evidence and UI e2e coverage
CMP-G11-W11-T028,new UI console overlay after CMP-G1..G10 runtime evidence,new,apps/web; docs/product-ui; docs/ui-reference; tests/e2e,requires UI-state and accessibility validators tied to backend evidence,yes only after backend evidence and UI e2e coverage
CMP-G11-W11-T029,new UI console overlay after CMP-G1..G10 runtime evidence,new,apps/web; docs/product-ui; docs/ui-reference; tests/e2e,requires UI-state and accessibility validators tied to backend evidence,yes only after backend evidence and UI e2e coverage
CMP-G11-W11-T030,new UI console overlay after CMP-G1..G10 runtime evidence,new,apps/web; docs/product-ui; docs/ui-reference; tests/e2e,requires UI-state and accessibility validators tied to backend evidence,yes only after backend evidence and UI e2e coverage
CMP-G11-W11-T031,new UI console overlay after CMP-G1..G10 runtime evidence,new,apps/web; docs/product-ui; docs/ui-reference; tests/e2e,requires UI-state and accessibility validators tied to backend evidence,yes only after backend evidence and UI e2e coverage
CMP-G11-W11-T032,new UI console overlay after CMP-G1..G10 runtime evidence,new,apps/web; docs/product-ui; docs/ui-reference; tests/e2e,requires UI-state and accessibility validators tied to backend evidence,yes only after backend evidence and UI e2e coverage
CMP-G11-W11-T033,new UI console overlay after CMP-G1..G10 runtime evidence,new,apps/web; docs/product-ui; docs/ui-reference; tests/e2e,requires UI-state and accessibility validators tied to backend evidence,yes only after backend evidence and UI e2e coverage
CMP-G11-W11-T034,new UI console overlay after CMP-G1..G10 runtime evidence,new,apps/web; docs/product-ui; docs/ui-reference; tests/e2e,requires UI-state and accessibility validators tied to backend evidence,yes only after backend evidence and UI e2e coverage
CMP-G11-W11-T035,new UI console overlay after CMP-G1..G10 runtime evidence,new,apps/web; docs/product-ui; docs/ui-reference; tests/e2e,requires UI-state and accessibility validators tied to backend evidence,yes only after backend evidence and UI e2e coverage
CMP-G11-W11-T036,new UI console overlay after CMP-G1..G10 runtime evidence,new,apps/web; docs/product-ui; docs/ui-reference; tests/e2e,requires UI-state and accessibility validators tied to backend evidence,yes only after backend evidence and UI e2e coverage
CMP-G11-W11-T037,new UI console overlay after CMP-G1..G10 runtime evidence,new,apps/web; docs/product-ui; docs/ui-reference; tests/e2e,requires UI-state and accessibility validators tied to backend evidence,yes only after backend evidence and UI e2e coverage
CMP-G11-W11-T038,new UI console overlay after CMP-G1..G10 runtime evidence,new,apps/web; docs/product-ui; docs/ui-reference; tests/e2e,requires UI-state and accessibility validators tied to backend evidence,yes only after backend evidence and UI e2e coverage
CMP-G11-W11-T039,new UI console overlay after CMP-G1..G10 runtime evidence,new,apps/web; docs/product-ui; docs/ui-reference; tests/e2e,requires UI-state and accessibility validators tied to backend evidence,yes only after backend evidence and UI e2e coverage
CMP-G11-W11-T040,new UI console overlay after CMP-G1..G10 runtime evidence,new,apps/web; docs/product-ui; docs/ui-reference; tests/e2e,requires UI-state and accessibility validators tied to backend evidence,yes only after backend evidence and UI e2e coverage
CMP-G11-W11-T041,new UI console overlay after CMP-G1..G10 runtime evidence,new,apps/web; docs/product-ui; docs/ui-reference; tests/e2e,requires UI-state and accessibility validators tied to backend evidence,yes only after backend evidence and UI e2e coverage
CMP-G11-W11-T042,new UI console overlay after CMP-G1..G10 runtime evidence,new,apps/web; docs/product-ui; docs/ui-reference; tests/e2e,requires UI-state and accessibility validators tied to backend evidence,yes only after backend evidence and UI e2e coverage
CMP-G11-W11-T043,new UI console overlay after CMP-G1..G10 runtime evidence,new,apps/web; docs/product-ui; docs/ui-reference; tests/e2e,requires UI-state and accessibility validators tied to backend evidence,yes only after backend evidence and UI e2e coverage
CMP-G11-W11-T044,new UI console overlay after CMP-G1..G10 runtime evidence,new,apps/web; docs/product-ui; docs/ui-reference; tests/e2e,requires UI-state and accessibility validators tied to backend evidence,yes only after backend evidence and UI e2e coverage
CMP-G11-W11-T045,new UI console overlay after CMP-G1..G10 runtime evidence,new,apps/web; docs/product-ui; docs/ui-reference; tests/e2e,requires UI-state and accessibility validators tied to backend evidence,yes only after backend evidence and UI e2e coverage
CMP-G11-W11-T046,new UI console overlay after CMP-G1..G10 runtime evidence,new,apps/web; docs/product-ui; docs/ui-reference; tests/e2e,requires UI-state and accessibility validators tied to backend evidence,yes only after backend evidence and UI e2e coverage
CMP-G11-W11-T047,new UI console overlay after CMP-G1..G10 runtime evidence,new,apps/web; docs/product-ui; docs/ui-reference; tests/e2e,requires UI-state and accessibility validators tied to backend evidence,yes only after backend evidence and UI e2e coverage
CMP-G11-W11-T048,new UI console overlay after CMP-G1..G10 runtime evidence,new,apps/web; docs/product-ui; docs/ui-reference; tests/e2e,requires UI-state and accessibility validators tied to backend evidence,yes only after backend evidence and UI e2e coverage
CMP-G12-W12-T001,LFOS-G7-W12/W14/W15 plus launch TUW evidence,supersedes,packages/admin; packages/enterprise; packages/platform; packages/migration; docs/launch; tests/launch,requires hardening/migration/UAT/launch validators and human receipts,yes only after R5/R6 launch evidence receipts
CMP-G12-W12-T002,LFOS-G7-W12/W14/W15 plus launch TUW evidence,supersedes,packages/admin; packages/enterprise; packages/platform; packages/migration; docs/launch; tests/launch,requires hardening/migration/UAT/launch validators and human receipts,yes only after R5/R6 launch evidence receipts
CMP-G12-W12-T003,LFOS-G7-W12/W14/W15 plus launch TUW evidence,supersedes,packages/admin; packages/enterprise; packages/platform; packages/migration; docs/launch; tests/launch,requires hardening/migration/UAT/launch validators and human receipts,yes only after R5/R6 launch evidence receipts
CMP-G12-W12-T004,LFOS-G7-W12/W14/W15 plus launch TUW evidence,supersedes,packages/admin; packages/enterprise; packages/platform; packages/migration; docs/launch; tests/launch,requires hardening/migration/UAT/launch validators and human receipts,yes only after R5/R6 launch evidence receipts
CMP-G12-W12-T005,LFOS-G7-W12/W14/W15 plus launch TUW evidence,supersedes,packages/admin; packages/enterprise; packages/platform; packages/migration; docs/launch; tests/launch,requires hardening/migration/UAT/launch validators and human receipts,yes only after R5/R6 launch evidence receipts
CMP-G12-W12-T006,LFOS-G7-W12/W14/W15 plus launch TUW evidence,supersedes,packages/admin; packages/enterprise; packages/platform; packages/migration; docs/launch; tests/launch,requires hardening/migration/UAT/launch validators and human receipts,yes only after R5/R6 launch evidence receipts
CMP-G12-W12-T007,LFOS-G7-W12/W14/W15 plus launch TUW evidence,supersedes,packages/admin; packages/enterprise; packages/platform; packages/migration; docs/launch; tests/launch,requires hardening/migration/UAT/launch validators and human receipts,yes only after R5/R6 launch evidence receipts
CMP-G12-W12-T008,LFOS-G7-W12/W14/W15 plus launch TUW evidence,supersedes,packages/admin; packages/enterprise; packages/platform; packages/migration; docs/launch; tests/launch,requires hardening/migration/UAT/launch validators and human receipts,yes only after R5/R6 launch evidence receipts
CMP-G12-W12-T009,LFOS-G7-W12/W14/W15 plus launch TUW evidence,supersedes,packages/admin; packages/enterprise; packages/platform; packages/migration; docs/launch; tests/launch,requires hardening/migration/UAT/launch validators and human receipts,yes only after R5/R6 launch evidence receipts
CMP-G12-W12-T010,LFOS-G7-W12/W14/W15 plus launch TUW evidence,supersedes,packages/admin; packages/enterprise; packages/platform; packages/migration; docs/launch; tests/launch,requires hardening/migration/UAT/launch validators and human receipts,yes only after R5/R6 launch evidence receipts
CMP-G12-W12-T011,LFOS-G7-W12/W14/W15 plus launch TUW evidence,supersedes,packages/admin; packages/enterprise; packages/platform; packages/migration; docs/launch; tests/launch,requires hardening/migration/UAT/launch validators and human receipts,yes only after R5/R6 launch evidence receipts
CMP-G12-W12-T012,LFOS-G7-W12/W14/W15 plus launch TUW evidence,supersedes,packages/admin; packages/enterprise; packages/platform; packages/migration; docs/launch; tests/launch,requires hardening/migration/UAT/launch validators and human receipts,yes only after R5/R6 launch evidence receipts
CMP-G12-W12-T013,LFOS-G7-W12/W14/W15 plus launch TUW evidence,supersedes,packages/admin; packages/enterprise; packages/platform; packages/migration; docs/launch; tests/launch,requires hardening/migration/UAT/launch validators and human receipts,yes only after R5/R6 launch evidence receipts
CMP-G12-W12-T014,LFOS-G7-W12/W14/W15 plus launch TUW evidence,supersedes,packages/admin; packages/enterprise; packages/platform; packages/migration; docs/launch; tests/launch,requires hardening/migration/UAT/launch validators and human receipts,yes only after R5/R6 launch evidence receipts
CMP-G12-W12-T015,LFOS-G7-W12/W14/W15 plus launch TUW evidence,supersedes,packages/admin; packages/enterprise; packages/platform; packages/migration; docs/launch; tests/launch,requires hardening/migration/UAT/launch validators and human receipts,yes only after R5/R6 launch evidence receipts
CMP-G12-W12-T016,LFOS-G7-W12/W14/W15 plus launch TUW evidence,supersedes,packages/admin; packages/enterprise; packages/platform; packages/migration; docs/launch; tests/launch,requires hardening/migration/UAT/launch validators and human receipts,yes only after R5/R6 launch evidence receipts
CMP-G12-W12-T017,LFOS-G7-W12/W14/W15 plus launch TUW evidence,supersedes,packages/admin; packages/enterprise; packages/platform; packages/migration; docs/launch; tests/launch,requires hardening/migration/UAT/launch validators and human receipts,yes only after R5/R6 launch evidence receipts
CMP-G12-W12-T018,LFOS-G7-W12/W14/W15 plus launch TUW evidence,supersedes,packages/admin; packages/enterprise; packages/platform; packages/migration; docs/launch; tests/launch,requires hardening/migration/UAT/launch validators and human receipts,yes only after R5/R6 launch evidence receipts
CMP-G12-W12-T019,LFOS-G7-W12/W14/W15 plus launch TUW evidence,supersedes,packages/admin; packages/enterprise; packages/platform; packages/migration; docs/launch; tests/launch,requires hardening/migration/UAT/launch validators and human receipts,yes only after R5/R6 launch evidence receipts
CMP-G12-W12-T020,LFOS-G7-W12/W14/W15 plus launch TUW evidence,supersedes,packages/admin; packages/enterprise; packages/platform; packages/migration; docs/launch; tests/launch,requires hardening/migration/UAT/launch validators and human receipts,yes only after R5/R6 launch evidence receipts
CMP-G12-W12-T021,LFOS-G7-W12/W14/W15 plus launch TUW evidence,supersedes,packages/admin; packages/enterprise; packages/platform; packages/migration; docs/launch; tests/launch,requires hardening/migration/UAT/launch validators and human receipts,yes only after R5/R6 launch evidence receipts
CMP-G12-W12-T022,LFOS-G7-W12/W14/W15 plus launch TUW evidence,supersedes,packages/admin; packages/enterprise; packages/platform; packages/migration; docs/launch; tests/launch,requires hardening/migration/UAT/launch validators and human receipts,yes only after R5/R6 launch evidence receipts
CMP-G12-W12-T023,LFOS-G7-W12/W14/W15 plus launch TUW evidence,supersedes,packages/admin; packages/enterprise; packages/platform; packages/migration; docs/launch; tests/launch,requires hardening/migration/UAT/launch validators and human receipts,yes only after R5/R6 launch evidence receipts
CMP-G12-W12-T024,LFOS-G7-W12/W14/W15 plus launch TUW evidence,supersedes,packages/admin; packages/enterprise; packages/platform; packages/migration; docs/launch; tests/launch,requires hardening/migration/UAT/launch validators and human receipts,yes only after R5/R6 launch evidence receipts
CMP-G12-W12-T025,LFOS-G7-W12/W14/W15 plus launch TUW evidence,supersedes,packages/admin; packages/enterprise; packages/platform; packages/migration; docs/launch; tests/launch,requires hardening/migration/UAT/launch validators and human receipts,yes only after R5/R6 launch evidence receipts
CMP-G12-W12-T026,LFOS-G7-W12/W14/W15 plus launch TUW evidence,supersedes,packages/admin; packages/enterprise; packages/platform; packages/migration; docs/launch; tests/launch,requires hardening/migration/UAT/launch validators and human receipts,yes only after R5/R6 launch evidence receipts
CMP-G12-W12-T027,LFOS-G7-W12/W14/W15 plus launch TUW evidence,supersedes,packages/admin; packages/enterprise; packages/platform; packages/migration; docs/launch; tests/launch,requires hardening/migration/UAT/launch validators and human receipts,yes only after R5/R6 launch evidence receipts
CMP-G12-W12-T028,LFOS-G7-W12/W14/W15 plus launch TUW evidence,supersedes,packages/admin; packages/enterprise; packages/platform; packages/migration; docs/launch; tests/launch,requires hardening/migration/UAT/launch validators and human receipts,yes only after R5/R6 launch evidence receipts
