ID,Layer,Epic,Task,Severity,Current status,Target files,Acceptance criteria,Tests/commands,Dependencies,PR sequence,Risk if skipped
HRX-L0-001,L0,Boundary,현재 HRX runtime evidence와 production readiness 경계 문서화,P0,Partial,docs/hrx-enterprise/00-boundary-decision.md,R4/go-live/enterprise claim 금지 문구와 source evidence register 포함,npm run hrx:release:validate,none,PR-00,enterprise-ready claim invalid
HRX-L0-002,L0,Boundary,Drive planning-only 문서와 GitHub runtime evidence 간 source-of-truth hierarchy 정리,P0,Partial,docs/hrx-enterprise/plan-intake.md,"Drive=planning, GitHub=snapshot runtime evidence, conflict policy 명시",npm run hrx:release:validate,none,PR-00,enterprise-ready claim invalid
HRX-L0-003,L0,Boundary,CMP-G3/G12 readiness string 유지 및 승격 조건 정의,P0,Partial,docs/hrx-enterprise/03-release-gates.md,runtime_api_evidence_only__durable_persistence_open 승격 조건 정의,npm run hrx:release:validate,none,PR-00,enterprise-ready claim invalid
HRX-L0-004,L0,Boundary,R4/go-live 금지 validator rule 작성,P0,Partial,scripts/validate-hrx-no-premature-claim.mjs,forbidden readiness string 검출 시 실패,npm run hrx:release:validate,none,PR-00,enterprise-ready claim invalid
HRX-L0-005,L0,Boundary,기존 descriptor-only evidence를 runtime evidence와 분리,P1,Partial,docs/hrx-enterprise/01-terminology.md,"descriptor, fixture, runtime API evidence, durable runtime 용어 구분",npm run hrx:release:validate,none,PR-00,scope drift / weak runtime maturity
HRX-L0-006,L0,Boundary,개발팀 handoff receipt template 고정,P1,Partial,docs/hrx-enterprise/dev-handoff-receipt.md,PR/owner/validator/evidence field 포함,npm run hrx:release:validate,none,PR-00,scope drift / weak runtime maturity
HRX-L0-007,L0,Boundary,TUW traceability matrix 기준 수립,P1,Partial,docs/hrx-enterprise/tuw-traceability-matrix.md,모든 TUW가 file/test/validator/status를 가진다,npm run hrx:release:validate,none,PR-00,scope drift / weak runtime maturity
HRX-L0-008,L0,Boundary,roadmap risk register baseline,P1,Partial,docs/hrx-enterprise/risk-register.md,P0/P1 risk와 owner/mitigation 포함,npm run hrx:release:validate,none,PR-00,scope drift / weak runtime maturity
HRX-L1-001,L1,Durable Persistence,DB adapter port 정의,P0,Not started/partial,packages/hrx/src/store/port.js,query/transaction/migrate/close interface 정의,npm run hrx:persistence:validate; npm test,L0,PR-01/02,enterprise-ready claim invalid
HRX-L1-002,L1,Durable Persistence,SQL-backed Employee repository 구현,P0,Not started/partial,packages/hrx/src/repository-sql.js,Employee CRUD가 DB transaction 안에서 동작,npm run hrx:persistence:validate; npm test,L0,PR-01/02,enterprise-ready claim invalid
HRX-L1-003,L1,Durable Persistence,SQL-backed EmploymentProfile repository 구현,P0,Not started/partial,packages/hrx/src/repository-sql.js,EmploymentProfile CRUD/FK validation DB-backed,npm run hrx:persistence:validate; npm test,L0,PR-01/02,enterprise-ready claim invalid
HRX-L1-004,L1,Durable Persistence,EmployeeUserLink repository/API 기반 준비,P0,Not started/partial,packages/hrx/src/identity-link.js,login_mapping 외 purpose 차단,npm run hrx:persistence:validate; npm test,L0,PR-01/02,enterprise-ready claim invalid
HRX-L1-005,L1,Durable Persistence,migration runner 구현,P0,Not started/partial,packages/hrx/src/migrations/index.js; scripts/migrate-hrx.mjs,001_hrx_core.sql idempotent apply,npm run hrx:persistence:validate; npm test,L0,PR-01/02,enterprise-ready claim invalid
HRX-L1-006,L1,Durable Persistence,documents/leave/audit migration 작성,P0,Not started/partial,packages/hrx/src/migrations/002_hrx_documents_leave_audit.sql,HRDocument/Leave/Audit tables 생성,npm run hrx:persistence:validate; npm test,L0,PR-01/02,enterprise-ready claim invalid
HRX-L1-007,L1,Durable Persistence,runtime context store injection,P0,Not started/partial,apps/api/src/hrx-runtime-context.js,createHrxRuntimeContext({store}) 지원,npm run hrx:persistence:validate; npm test,L0,PR-01/02,enterprise-ready claim invalid
HRX-L1-008,L1,Durable Persistence,seed runner 구현,P0,Not started/partial,scripts/seed-hrx-fixtures.mjs,synthetic fixture를 DB에 seed,npm run hrx:persistence:validate; npm test,L0,PR-01/02,enterprise-ready claim invalid
HRX-L1-009,L1,Durable Persistence,in-memory repository를 test fixture로 격하,P0,Not started/partial,packages/hrx/src/repository.js,production runtime default에서 제외,npm run hrx:persistence:validate; npm test,L0,PR-01/02,enterprise-ready claim invalid
HRX-L1-010,L1,Durable Persistence,restart durability test,P0,Not started/partial,apps/api/test/hrx/durability.test.js,write -> restart -> read pass,npm run hrx:persistence:validate; npm test,L0,PR-01/02,enterprise-ready claim invalid
HRX-L1-011,L1,Durable Persistence,repository transaction rollback test,P1,Not started/partial,packages/hrx/test/repository-sql.test.js,invalid write rollback,npm run hrx:persistence:validate; npm test,L0,PR-01/02,scope drift / weak runtime maturity
HRX-L1-012,L1,Durable Persistence,migration non-destructive validator 강화,P1,Not started/partial,packages/hrx/test/migration.test.js,DROP/TRUNCATE/unsafe DELETE 차단,npm run hrx:persistence:validate; npm test,L0,PR-01/02,scope drift / weak runtime maturity
HRX-L1-013,L1,Durable Persistence,backup/restore smoke seed,P1,Not started/partial,scripts/hrx-backup-restore-smoke.mjs,backup hash/count restore 검증,npm run hrx:persistence:validate; npm test,L0,PR-01/02,scope drift / weak runtime maturity
HRX-L1-014,L1,Durable Persistence,persistence validator,P1,Not started/partial,scripts/validate-hrx-persistence.mjs,in-memory-only default이면 실패,npm run hrx:persistence:validate; npm test,L0,PR-01/02,scope drift / weak runtime maturity
HRX-L2-001,L2,Trust Boundary,HRX route policy map 작성,P0,Partial,apps/api/src/routes/hrx/route-policy-map.js,모든 /api/hrx/* route에 action/sensitivity/required_scope 존재,npm run hrx:authz:validate; npm run hrx:security:validate; npm test,L1,PR-03/04/05,enterprise-ready claim invalid
HRX-L2-002,L2,Trust Boundary,HRX authz middleware 구현,P0,Partial,apps/api/src/middleware/hrx-authz.js,evaluateHrxPolicy를 route마다 호출,npm run hrx:authz:validate; npm run hrx:security:validate; npm test,L1,PR-03/04/05,enterprise-ready claim invalid
HRX-L2-003,L2,Trust Boundary,server HRX path authz wiring,P0,Partial,apps/api/src/server.js,HRX도 fail-closed permission path를 통과,npm run hrx:authz:validate; npm run hrx:security:validate; npm test,L1,PR-03/04/05,enterprise-ready claim invalid
HRX-L2-004,L2,Trust Boundary,query tenant/actor fallback 제거,P0,Partial,apps/api/src/middleware/tenant-context.js; actor-context.js,tenant/actor는 trusted header/session only,npm run hrx:authz:validate; npm run hrx:security:validate; npm test,L1,PR-03/04/05,enterprise-ready claim invalid
HRX-L2-005,L2,Trust Boundary,UI hardcoded tenant/scopes 제거,P0,Partial,apps/web/src/people/hrxApiClient.ts,client는 permission allow rule을 만들지 않음,npm run hrx:authz:validate; npm run hrx:security:validate; npm test,L1,PR-03/04/05,enterprise-ready claim invalid
HRX-L2-006,L2,Trust Boundary,step-up token parser,P0,Partial,apps/api/src/middleware/hrx-step-up-context.js,fresh MFA token parse/validate,npm run hrx:authz:validate; npm run hrx:security:validate; npm test,L1,PR-03/04/05,enterprise-ready claim invalid
HRX-L2-007,L2,Trust Boundary,step-up enforcement,P0,Partial,apps/api/src/middleware/hrx-step-up.js; hrx-runtime-context.js,comp/eval/payroll/audit route without step-up -> 403,npm run hrx:authz:validate; npm run hrx:security:validate; npm test,L1,PR-03/04/05,enterprise-ready claim invalid
HRX-L2-008,L2,Trust Boundary,durable audit event store,P0,Partial,packages/audit/src/hrx-event-store-sql.js,audit append/list DB-backed,npm run hrx:authz:validate; npm run hrx:security:validate; npm test,L1,PR-03/04/05,enterprise-ready claim invalid
HRX-L2-009,L2,Trust Boundary,audit hash chain,P0,Partial,packages/audit/src/hrx-hash-chain.js,previous_hash/event_hash 생성,npm run hrx:authz:validate; npm run hrx:security:validate; npm test,L1,PR-03/04/05,enterprise-ready claim invalid
HRX-L2-010,L2,Trust Boundary,route audit wrapper,P0,Partial,apps/api/src/middleware/hrx-audit-write.js,모든 HRX sensitive route audit write,npm run hrx:authz:validate; npm run hrx:security:validate; npm test,L1,PR-03/04/05,enterprise-ready claim invalid
HRX-L2-011,L2,Trust Boundary,field masking policy binding,P0,Partial,packages/hrx/src/field-masker.js,authz decision에 따른 field-level masking,npm run hrx:authz:validate; npm run hrx:security:validate; npm test,L1,PR-03/04/05,enterprise-ready claim invalid
HRX-L2-012,L2,Trust Boundary,break-glass route and audit,P1,Partial,packages/authz/src/hrx-break-glass.js,reason/expiry/step-up/audit 필수,npm run hrx:authz:validate; npm run hrx:security:validate; npm test,L1,PR-03/04/05,scope drift / weak runtime maturity
HRX-L2-013,L2,Trust Boundary,compensation policy hardening,P1,Partial,packages/authz/src/hrx-compensation-policy.js,scope+purpose+step-up 없으면 denied/masked,npm run hrx:authz:validate; npm run hrx:security:validate; npm test,L1,PR-03/04/05,scope drift / weak runtime maturity
HRX-L2-014,L2,Trust Boundary,evaluation policy hardening,P1,Partial,packages/authz/src/hrx-evaluation-policy.js,reviewer/audit-on-read/final-score block,npm run hrx:authz:validate; npm run hrx:security:validate; npm test,L1,PR-03/04/05,scope drift / weak runtime maturity
HRX-L2-015,L2,Trust Boundary,candidate policy hardening,P1,Partial,packages/authz/src/hrx-candidate-policy.js,candidate/Party contamination 차단,npm run hrx:authz:validate; npm run hrx:security:validate; npm test,L1,PR-03/04/05,scope drift / weak runtime maturity
HRX-L2-016,L2,Trust Boundary,security negative validator,P1,Partial,scripts/validate-hrx-route-authz.mjs,route without policy map이면 실패,npm run hrx:authz:validate; npm run hrx:security:validate; npm test,L1,PR-03/04/05,scope drift / weak runtime maturity
HRX-L3-001,L3,Core HRIS,Employee/UserLink API 구현,P0,Partial/not started,apps/api/src/routes/hrx/employees.js; packages/hrx/src/identity-link.js,EmployeeUserLink create/list/revoke audited,npm run hrx:core:validate; npm test,"L1,L2",PR-06/07,enterprise-ready claim invalid
HRX-L3-002,L3,Core HRIS,OrgUnit model,P1,Partial/not started,packages/hrx/src/org.js,org tree create/list/update with effective date,npm run hrx:core:validate; npm test,"L1,L2",PR-06/07,scope drift / weak runtime maturity
HRX-L3-003,L3,Core HRIS,ReportingLine model,P1,Partial/not started,packages/hrx/src/org.js; employment-profile.js,manager/dotted-line support,npm run hrx:core:validate; npm test,"L1,L2",PR-06/07,scope drift / weak runtime maturity
HRX-L3-004,L3,Core HRIS,Role/Position/PracticeGroup assignment,P1,Partial/not started,packages/hrx/src/assignment.js,effective-dated assignment capacity,npm run hrx:core:validate; npm test,"L1,L2",PR-06/07,scope drift / weak runtime maturity
HRX-L3-005,L3,Core HRIS,HRDocument source boundary,P0,Partial/not started,contracts/hrx-document-source-boundary.json; packages/hrx/src/documents/source-adapter.js,"source_ref verified, body never stored",npm run hrx:core:validate; npm test,"L1,L2",PR-06/07,enterprise-ready claim invalid
HRX-L3-006,L3,Core HRIS,M365/DMS source adapter stub,P1,Partial/not started,packages/integrations-core/src/hrx-m365-doc-source.js,no secret/body; metadata verification only,npm run hrx:core:validate; npm test,"L1,L2",PR-06/07,scope drift / weak runtime maturity
HRX-L3-007,L3,Core HRIS,EmploymentContract lifecycle skeleton,P1,Partial/not started,packages/hrx/src/contracts.js,draft/approve/signature_ref metadata,npm run hrx:core:validate; npm test,"L1,L2",PR-06/07,scope drift / weak runtime maturity
HRX-L3-008,L3,Core HRIS,Compensation metadata store,P0,Partial/not started,packages/hrx/src/compensation.js,encrypted/masked refs only,npm run hrx:core:validate; npm test,"L1,L2",PR-06/07,enterprise-ready claim invalid
HRX-L3-009,L3,Core HRIS,Payroll profile boundary,P0,Partial/not started,packages/hrx/src/payroll-boundary.js,calculation/disbursement fields blocked,npm run hrx:core:validate; npm test,"L1,L2",PR-06/07,enterprise-ready claim invalid
HRX-L3-010,L3,Core HRIS,Retention policy model,P0,Partial/not started,packages/hrx/src/retention.js,object_type retention/legal hold override,npm run hrx:core:validate; npm test,"L1,L2",PR-06/07,enterprise-ready claim invalid
HRX-L3-011,L3,Core HRIS,Legal hold model,P0,Partial/not started,packages/hrx/src/legal-hold.js,hold blocks purge/delete,npm run hrx:core:validate; npm test,"L1,L2",PR-06/07,enterprise-ready claim invalid
HRX-L3-012,L3,Core HRIS,PeopleGraph edge model,P1,Partial/not started,packages/hrx/src/people-graph.js,Employee/Org/Matter/Workload aggregate edges,npm run hrx:core:validate; npm test,"L1,L2",PR-06/07,scope drift / weak runtime maturity
HRX-L3-013,L3,Core HRIS,HR risk event model,P1,Partial/not started,packages/hrx/src/legal-risk.js,privilege flag/status/owner,npm run hrx:core:validate; npm test,"L1,L2",PR-06/07,scope drift / weak runtime maturity
HRX-L3-014,L3,Core HRIS,schema contract update,P1,Partial/not started,contracts/hrx-runtime-contract.json,core HRIS entities included,npm run hrx:core:validate; npm test,"L1,L2",PR-06/07,scope drift / weak runtime maturity
HRX-L3-015,L3,Core HRIS,core HRIS validator,P1,Partial/not started,scripts/validate-hrx-core-domain.mjs,missing schema/repo tests fail,npm run hrx:core:validate; npm test,"L1,L2",PR-06/07,scope drift / weak runtime maturity
HRX-L4-001,L4,People Ops Workflows,Leave policy versioning,P1,Partial/not started,packages/hrx/src/rules/leave-policy.js,policy version/effective date/carryover,npm run hrx:workflows:validate; npm test,L1-L3,PR-08/09,scope drift / weak runtime maturity
HRX-L4-002,L4,People Ops Workflows,Leave request DB-backed workflow,P0,Partial/not started,packages/hrx/src/leave/request-service.js,submit/approve/reject/cancel durable,npm run hrx:workflows:validate; npm test,L1-L3,PR-08/09,enterprise-ready claim invalid
HRX-L4-003,L4,People Ops Workflows,Attendance record model,P1,Partial/not started,packages/hrx/src/attendance.js,source_ref/import/manual correction,npm run hrx:workflows:validate; npm test,L1-L3,PR-08/09,scope drift / weak runtime maturity
HRX-L4-004,L4,People Ops Workflows,Overtime request workflow,P1,Partial/not started,packages/hrx/src/overtime.js,request/approval/payroll-preview boundary,npm run hrx:workflows:validate; npm test,L1-L3,PR-08/09,scope drift / weak runtime maturity
HRX-L4-005,L4,People Ops Workflows,Generic HR approval workflow,P0,Partial/not started,packages/hrx/src/approval.js,route/steps/delegation/escalation,npm run hrx:workflows:validate; npm test,L1-L3,PR-08/09,enterprise-ready claim invalid
HRX-L4-006,L4,People Ops Workflows,Recruiting state machine,P1,Partial/not started,packages/hrx/src/recruiting/state-machine.js,invalid stage transition blocked,npm run hrx:workflows:validate; npm test,L1-L3,PR-08/09,scope drift / weak runtime maturity
HRX-L4-007,L4,People Ops Workflows,Candidate consent/privacy,P0,Partial/not started,packages/hrx/src/recruiting/consent.js,consent before processing,npm run hrx:workflows:validate; npm test,L1-L3,PR-08/09,enterprise-ready claim invalid
HRX-L4-008,L4,People Ops Workflows,Interview feedback metadata,P1,Partial/not started,packages/hrx/src/recruiting/interview-feedback.js,sensitive source refs only,npm run hrx:workflows:validate; npm test,L1-L3,PR-08/09,scope drift / weak runtime maturity
HRX-L4-009,L4,People Ops Workflows,Offer workflow,P1,Partial/not started,packages/hrx/src/recruiting/offer.js,approval + masked compensation ref,npm run hrx:workflows:validate; npm test,L1-L3,PR-08/09,scope drift / weak runtime maturity
HRX-L4-010,L4,People Ops Workflows,Candidate to Employee conversion,P0,Partial/not started,packages/hrx/src/recruiting/convert-to-employee.js,explicit approval; no CRM Party contamination,npm run hrx:workflows:validate; npm test,L1-L3,PR-08/09,enterprise-ready claim invalid
HRX-L4-011,L4,People Ops Workflows,Onboarding plan,P1,Partial/not started,packages/hrx/src/onboarding.js,tasks/document/access/equipment/policy,npm run hrx:workflows:validate; npm test,L1-L3,PR-08/09,scope drift / weak runtime maturity
HRX-L4-012,L4,People Ops Workflows,Offboarding case,P0,Partial/not started,packages/hrx/src/offboarding.js,last day/access revoke/legal hold,npm run hrx:workflows:validate; npm test,L1-L3,PR-08/09,enterprise-ready claim invalid
HRX-L4-013,L4,People Ops Workflows,HR legal risk workflow,P1,Partial/not started,packages/hrx/src/legal-risk.js,privileged review/status/audit,npm run hrx:workflows:validate; npm test,L1-L3,PR-08/09,scope drift / weak runtime maturity
HRX-L4-014,L4,People Ops Workflows,Payroll export review,P0,Partial/not started,packages/hrx/src/payroll-export-service.js,preview -> approve -> export artifact,npm run hrx:workflows:validate; npm test,L1-L3,PR-08/09,enterprise-ready claim invalid
HRX-L4-015,L4,People Ops Workflows,Payroll reconciliation metadata,P1,Partial/not started,packages/hrx/src/payroll-reconciliation.js,provider result metadata only,npm run hrx:workflows:validate; npm test,L1-L3,PR-08/09,scope drift / weak runtime maturity
HRX-L4-016,L4,People Ops Workflows,Retention purge job,P0,Partial/not started,packages/hrx/src/retention-job.js,legal hold blocks purge,npm run hrx:workflows:validate; npm test,L1-L3,PR-08/09,enterprise-ready claim invalid
HRX-L4-017,L4,People Ops Workflows,Lifecycle API routes,P1,Partial/not started,apps/api/src/routes/hrx/lifecycle.js,onboarding/offboarding endpoints,npm run hrx:workflows:validate; npm test,L1-L3,PR-08/09,scope drift / weak runtime maturity
HRX-L4-018,L4,People Ops Workflows,Recruiting API routes,P1,Partial/not started,apps/api/src/routes/hrx/recruiting.js,candidate/job/application/offer endpoints,npm run hrx:workflows:validate; npm test,L1-L3,PR-08/09,scope drift / weak runtime maturity
HRX-L4-019,L4,People Ops Workflows,Workflow audit coverage,P0,Partial/not started,apps/api/test/hrx/workflow-audit.test.js,every transition writes audit,npm run hrx:workflows:validate; npm test,L1-L3,PR-08/09,enterprise-ready claim invalid
HRX-L4-020,L4,People Ops Workflows,Workflow validator,P1,Partial/not started,scripts/validate-hrx-workflows.mjs,workflow routes/tests/gates enforced,npm run hrx:workflows:validate; npm test,L1-L3,PR-08/09,scope drift / weak runtime maturity
HRX-L5-001,L5,Portal/API,People UI session context,P0,Partial,apps/web/src/people/hrxApiClient.ts,no hardcoded tenant/scopes,npm run web:e2e; npm --workspace apps/web run test:ui,L2-L4,PR-10/11,enterprise-ready claim invalid
HRX-L5-002,L5,Portal/API,Employee list production states,P1,Partial,apps/web/src/people/employees/EmployeeList.tsx,loading/empty/denied/error,npm run web:e2e; npm --workspace apps/web run test:ui,L2-L4,PR-10/11,scope drift / weak runtime maturity
HRX-L5-003,L5,Portal/API,Employee profile masked fields,P1,Partial,apps/web/src/people/employees/EmployeeProfile.tsx,sensitive fields masked by policy,npm run web:e2e; npm --workspace apps/web run test:ui,L2-L4,PR-10/11,scope drift / weak runtime maturity
HRX-L5-004,L5,Portal/API,HR Document workspace source status,P1,Partial,apps/web/src/people/documents/HRDocumentWorkspace.tsx,source verified/unavailable/body blocked,npm run web:e2e; npm --workspace apps/web run test:ui,L2-L4,PR-10/11,scope drift / weak runtime maturity
HRX-L5-005,L5,Portal/API,Leave self-service durable UX,P1,Partial,apps/web/src/people/leave/LeaveRequestPage.tsx,submit refreshes DB-backed state,npm run web:e2e; npm --workspace apps/web run test:ui,L2-L4,PR-10/11,scope drift / weak runtime maturity
HRX-L5-006,L5,Portal/API,Manager approval queue,P1,Partial,apps/web/src/people/approvals/ManagerApprovalQueue.tsx,approve/reject with audit,npm run web:e2e; npm --workspace apps/web run test:ui,L2-L4,PR-10/11,scope drift / weak runtime maturity
HRX-L5-007,L5,Portal/API,Candidate portal consent view,P1,Partial,apps/web/src/candidate/CandidatePortal.tsx,candidate-scoped status/docs/consent,npm run web:e2e; npm --workspace apps/web run test:ui,L2-L4,PR-10/11,scope drift / weak runtime maturity
HRX-L5-008,L5,Portal/API,Recruiting pipeline admin,P1,Partial,apps/web/src/people/recruiting/RecruitingPipeline.tsx,stage update/offer/interview state,npm run web:e2e; npm --workspace apps/web run test:ui,L2-L4,PR-10/11,scope drift / weak runtime maturity
HRX-L5-009,L5,Portal/API,HRX Policy Console,P0,Partial,apps/web/src/admin/hrx/HRXPolicyConsole.tsx,policy versioning + authz,npm run web:e2e; npm --workspace apps/web run test:ui,L2-L4,PR-10/11,enterprise-ready claim invalid
HRX-L5-010,L5,Portal/API,HRX Audit Viewer,P0,Partial,apps/web/src/admin/hrx/HRXAuditViewer.tsx,step-up + audit scope required,npm run web:e2e; npm --workspace apps/web run test:ui,L2-L4,PR-10/11,enterprise-ready claim invalid
HRX-L5-011,L5,Portal/API,Lifecycle board,P1,Partial,apps/web/src/people/lifecycle/LifecycleBoard.tsx,on/offboarding task board,npm run web:e2e; npm --workspace apps/web run test:ui,L2-L4,PR-10/11,scope drift / weak runtime maturity
HRX-L5-012,L5,Portal/API,Step-up challenge UI,P0,Partial,apps/web/src/people/security/HrxStepUpChallenge.tsx,sensitive panel challenge,npm run web:e2e; npm --workspace apps/web run test:ui,L2-L4,PR-10/11,enterprise-ready claim invalid
HRX-L5-013,L5,Portal/API,Portal e2e suite,P0,Partial,apps/web/e2e/hrx/*.spec.ts,critical flows pass,npm run web:e2e; npm --workspace apps/web run test:ui,L2-L4,PR-10/11,enterprise-ready claim invalid
HRX-L5-014,L5,Portal/API,UI regression validator,P1,Partial,scripts/validate-hrx-ui-api-backed.mjs,static fallback/hardcoded allow rules fail,npm run web:e2e; npm --workspace apps/web run test:ui,L2-L4,PR-10/11,scope drift / weak runtime maturity
HRX-L6-001,L6,AI & Analytics,HR policy source ingestion,P1,Partial,packages/hrx/src/ai/source-ingestion.js,source_ref/chunk_id/hash indexed,npm run hrx:ai:validate; npm test,L2-L5,PR-12,scope drift / weak runtime maturity
HRX-L6-002,L6,AI & Analytics,Citation validator,P0,Partial,packages/hrx/src/ai/citation-validator.js,answers without allowed citations fail,npm run hrx:ai:validate; npm test,L2-L5,PR-12,enterprise-ready claim invalid
HRX-L6-003,L6,AI & Analytics,Model gateway boundary,P1,Partial,packages/hrx/src/ai/model-gateway.js,external call disabled unless configured,npm run hrx:ai:validate; npm test,L2-L5,PR-12,scope drift / weak runtime maturity
HRX-L6-004,L6,AI & Analytics,Decision guard expansion,P0,Partial,packages/hrx/src/ai/decision-guard.js,hire/fire/pay/eval/discipline final decision blocked,npm run hrx:ai:validate; npm test,L2-L5,PR-12,enterprise-ready claim invalid
HRX-L6-005,L6,AI & Analytics,AI review queue SQL,P0,Partial,packages/hrx/src/ai/review-queue-sql.js,review items durable,npm run hrx:ai:validate; npm test,L2-L5,PR-12,enterprise-ready claim invalid
HRX-L6-006,L6,AI & Analytics,Prompt/retrieval/output durable audit,P0,Partial,packages/hrx/src/ai/audit.js,AI interactions audit hashed,npm run hrx:ai:validate; npm test,L2-L5,PR-12,enterprise-ready claim invalid
HRX-L6-007,L6,AI & Analytics,Permission-aware retrieval integration,P0,Partial,packages/hrx/src/ai/rag.js,evaluateHrxPolicy for each source,npm run hrx:ai:validate; npm test,L2-L5,PR-12,enterprise-ready claim invalid
HRX-L6-008,L6,AI & Analytics,People analytics snapshot store,P1,Partial,packages/hrx/src/analytics-snapshot.js,periodic snapshot durable,npm run hrx:ai:validate; npm test,L2-L5,PR-12,scope drift / weak runtime maturity
HRX-L6-009,L6,AI & Analytics,Utilization projection hardening,P1,Partial,packages/matter/src/hrx-workload-projection.js,no row-level Matter details,npm run hrx:ai:validate; npm test,L2-L5,PR-12,scope drift / weak runtime maturity
HRX-L6-010,L6,AI & Analytics,Turnover/headcount/leave metrics,P1,Partial,packages/hrx/src/analytics.js,tenant aggregate only,npm run hrx:ai:validate; npm test,L2-L5,PR-12,scope drift / weak runtime maturity
HRX-L6-011,L6,AI & Analytics,Analytics export policy,P1,Partial,packages/hrx/src/analytics-export.js,role/scope/step-up if sensitive,npm run hrx:ai:validate; npm test,L2-L5,PR-12,scope drift / weak runtime maturity
HRX-L6-012,L6,AI & Analytics,AI assistant UI citations,P1,Partial,apps/web/src/people/ai/HRAIAssistant.tsx,citations/review state visible,npm run hrx:ai:validate; npm test,L2-L5,PR-12,scope drift / weak runtime maturity
HRX-L6-013,L6,AI & Analytics,Analytics UI privacy,P1,Partial,apps/web/src/people/analytics/HRAnalytics.tsx,no row-level sensitive details,npm run hrx:ai:validate; npm test,L2-L5,PR-12,scope drift / weak runtime maturity
HRX-L6-014,L6,AI & Analytics,AI/analytics validator,P1,Partial,scripts/validate-hrx-ai-analytics.mjs,source/citation/no-final-judgment tests enforced,npm run hrx:ai:validate; npm test,L2-L5,PR-12,scope drift / weak runtime maturity
HRX-L7-001,L7,Enterprise Hardening,SSO subject map integration,P0,Partial/not started,packages/authz/src/sso-subject-map.js,User subject -> tenant/actor only,npm run hrx:enterprise:validate; npm test,L1-L6,PR-13/14,enterprise-ready claim invalid
HRX-L7-002,L7,Enterprise Hardening,SCIM boundary,P1,Partial/not started,packages/hrx/src/scim-boundary.js,SCIM creates User not Employee unless approved flow,npm run hrx:enterprise:validate; npm test,L1-L6,PR-13/14,scope drift / weak runtime maturity
HRX-L7-003,L7,Enterprise Hardening,MFA/step-up evidence store,P0,Partial/not started,packages/authz/src/hrx-step-up-session.js,fresh MFA token tracked,npm run hrx:enterprise:validate; npm test,L1-L6,PR-13/14,enterprise-ready claim invalid
HRX-L7-004,L7,Enterprise Hardening,Tenant isolation e2e,P0,Partial/not started,apps/api/test/hrx/tenant-isolation.test.js,cross-tenant all HRX routes denied,npm run hrx:enterprise:validate; npm test,L1-L6,PR-13/14,enterprise-ready claim invalid
HRX-L7-005,L7,Enterprise Hardening,Observability metrics,P1,Partial/not started,packages/hrx/src/observability.js,latency/error/security counters,npm run hrx:enterprise:validate; npm test,L1-L6,PR-13/14,scope drift / weak runtime maturity
HRX-L7-006,L7,Enterprise Hardening,SLO definitions,P1,Partial/not started,docs/hrx-enterprise/slo-definition.md,availability/latency/audit write SLO,npm run hrx:enterprise:validate; npm test,L1-L6,PR-13/14,scope drift / weak runtime maturity
HRX-L7-007,L7,Enterprise Hardening,Compliance report,P0,Partial/not started,packages/hrx/src/compliance-report.js,access/change/retention report,npm run hrx:enterprise:validate; npm test,L1-L6,PR-13/14,enterprise-ready claim invalid
HRX-L7-008,L7,Enterprise Hardening,Retention/purge execution,P0,Partial/not started,packages/hrx/src/retention-job.js,due purge executes unless legal hold,npm run hrx:enterprise:validate; npm test,L1-L6,PR-13/14,enterprise-ready claim invalid
HRX-L7-009,L7,Enterprise Hardening,Backup/restore smoke,P0,Partial/not started,scripts/hrx-backup-restore-smoke.mjs,restore hash/count match,npm run hrx:enterprise:validate; npm test,L1-L6,PR-13/14,enterprise-ready claim invalid
HRX-L7-010,L7,Enterprise Hardening,DR runbook,P1,Partial/not started,docs/hrx-enterprise/dr-runbook.md,restore/RPO/RTO steps,npm run hrx:enterprise:validate; npm test,L1-L6,PR-13/14,scope drift / weak runtime maturity
HRX-L7-011,L7,Enterprise Hardening,Performance smoke,P1,Partial/not started,apps/api/test/hrx/performance-smoke.test.js,baseline latency threshold,npm run hrx:enterprise:validate; npm test,L1-L6,PR-13/14,scope drift / weak runtime maturity
HRX-L7-012,L7,Enterprise Hardening,Security regression,P0,Partial/not started,apps/api/test/hrx/security-regression.test.js,authz/audit/step-up negative,npm run hrx:enterprise:validate; npm test,L1-L6,PR-13/14,enterprise-ready claim invalid
HRX-L7-013,L7,Enterprise Hardening,Secret exposure test,P0,Partial/not started,apps/api/test/hrx/secret-exposure.test.js,no secret in responses/logs,npm run hrx:enterprise:validate; npm test,L1-L6,PR-13/14,enterprise-ready claim invalid
HRX-L7-014,L7,Enterprise Hardening,UAT scenario pack,P1,Partial/not started,docs/hrx-enterprise/uat-scenarios.md,employee/HR/admin/candidate scenarios,npm run hrx:enterprise:validate; npm test,L1-L6,PR-13/14,scope drift / weak runtime maturity
HRX-L7-015,L7,Enterprise Hardening,UAT execution evidence,P1,Partial/not started,docs/hrx-enterprise/uat-results.md,executed results not planning-only,npm run hrx:enterprise:validate; npm test,L1-L6,PR-13/14,scope drift / weak runtime maturity
HRX-L7-016,L7,Enterprise Hardening,Enterprise hardening validator,P0,Partial/not started,scripts/validate-hrx-enterprise-readiness.mjs,all P0 gates required,npm run hrx:enterprise:validate; npm test,L1-L6,PR-13/14,enterprise-ready claim invalid
HRX-L8-001,L8,Release & Go/No-Go,Release readiness contract,P0,Not started,contracts/hrx-release-readiness.json,all gates listed,npm run hrx:release:validate; npm run hrx:enterprise:validate,L1-L7,PR-15,enterprise-ready claim invalid
HRX-L8-002,L8,Release & Go/No-Go,Cutover runbook,P0,Not started,docs/hrx-enterprise/cutover-runbook.md,rollback/owner/decision points,npm run hrx:release:validate; npm run hrx:enterprise:validate,L1-L7,PR-15,enterprise-ready claim invalid
HRX-L8-003,L8,Release & Go/No-Go,Go/no-go checklist,P0,Not started,docs/hrx-enterprise/go-live-checklist.md,P0 gate pass + owner approval required,npm run hrx:release:validate; npm run hrx:enterprise:validate,L1-L7,PR-15,enterprise-ready claim invalid
HRX-L8-004,L8,Release & Go/No-Go,Owner decision template,P1,Not started,docs/hrx-enterprise/owner-decision-template.md,human approval separated from validator,npm run hrx:release:validate; npm run hrx:enterprise:validate,L1-L7,PR-15,scope drift / weak runtime maturity
HRX-L8-005,L8,Release & Go/No-Go,R4 claim validator,P0,Not started,scripts/validate-hrx-r4-claim.mjs,forbidden claim fails,npm run hrx:release:validate; npm run hrx:enterprise:validate,L1-L7,PR-15,enterprise-ready claim invalid
HRX-L8-006,L8,Release & Go/No-Go,Production readiness evidence pack,P1,Not started,docs/hrx-enterprise/production-readiness-evidence.md,links to test/backup/UAT/audit reports,npm run hrx:release:validate; npm run hrx:enterprise:validate,L1-L7,PR-15,scope drift / weak runtime maturity
HRX-L8-007,L8,Release & Go/No-Go,Release notes template,P1,Not started,docs/hrx-enterprise/release-notes-template.md,known limitations explicitly listed,npm run hrx:release:validate; npm run hrx:enterprise:validate,L1-L7,PR-15,scope drift / weak runtime maturity
HRX-L8-008,L8,Release & Go/No-Go,Post-release monitoring plan,P1,Not started,docs/hrx-enterprise/post-release-monitoring.md,alerts/metrics/on-call,npm run hrx:release:validate; npm run hrx:enterprise:validate,L1-L7,PR-15,scope drift / weak runtime maturity
HRX-L8-009,L8,Release & Go/No-Go,Final launch blocker audit,P0,Not started,scripts/validate-hrx-launch-blockers.mjs,open P0 fails,npm run hrx:release:validate; npm run hrx:enterprise:validate,L1-L7,PR-15,enterprise-ready claim invalid
HRX-L8-010,L8,Release & Go/No-Go,Handoff closeout,P1,Not started,docs/hrx-enterprise/dev-handoff-closeout.md,developer/QA/owner signatures,npm run hrx:release:validate; npm run hrx:enterprise:validate,L1-L7,PR-15,scope drift / weak runtime maturity
